TOTAL,accept_count,date_occurance,deny_count,internet,ip_c,isinfra,protco_count,tag
14,12,7,0,0,2,0,3,0
8,8,6,0,0,2,0,2,0
5,5,7,0,0,1,0,1,0
15,11,1,0,0,1,0,1,0
5,5,7,0,0,1,0,1,0
7,6,7,0,0,2,0,2,0
5,5,7,0,0,1,0,1,0
5,5,7,0,0,1,0,1,0
1,0,2,1,1,1,0,1,0
1,1,6,0,0,1,0,1,0
76,76,7,0,0,5,0,5,0
5,5,6,0,0,1,0,1,0
5,5,7,0,0,1,0,1,0
5,5,7,0,0,1,0,1,0
32,6,7,0,0,3,0,2,0
8,8,7,0,0,2,0,1,0
13,13,7,0,0,2,0,1,0
1,0,1,0,1,1,0,1,0
341,59,7,0,0,6,1,7,0
8,7,7,0,0,2,0,2,0
89,51,7,0,0,9,0,6,0
6,6,2,0,0,1,0,1,0
11,11,7,0,0,1,0,2,0
8,8,2,0,1,1,0,1,0
7,6,7,0,0,2,0,2,0
6,6,7,0,0,1,0,1,0
6,5,7,0,0,2,0,2,0
7,7,7,0,0,1,0,1,0
7,6,7,0,0,2,0,2,0
11,7,1,0,1,1,0,1,0
7,7,7,0,0,1,0,1,0
10,10,7,0,0,1,0,2,0
5,5,7,0,0,1,0,1,0
17,14,7,0,0,3,0,3,0
2418,2308,7,81,0,79,1,3,0
6,6,7,0,0,1,0,1,0
5,5,7,0,0,1,0,1,0
5,5,7,0,0,1,0,1,0
6,5,3,0,0,2,0,2,0
6,5,7,0,0,2,0,2,0
19,19,7,0,0,3,0,2,0
6,6,7,0,0,1,0,1,0
6,6,7,0,0,1,0,1,0
6,6,5,0,0,1,0,1,0
5,5,7,0,0,1,0,1,0
7,6,7,0,0,2,0,2,0
29,14,7,0,0,2,0,3,0
5,5,7,0,0,1,0,1,0
5,5,7,0,0,1,0,1,0
1,1,6,0,0,1,0,1,0
6,5,7,0,0,2,0,2,0
5,5,7,0,0,1,0,1,0
5,5,7,0,0,1,0,1,0
8,7,7,0,0,2,0,2,0
5,5,3,0,0,1,0,1,0
5,5,7,0,0,1,0,1,0
1,1,3,0,0,1,0,1,0
3,0,1,3,1,1,0,1,0
6,6,7,0,0,1,0,1,0
5046,907,7,0,0,17,0,5,0
11,11,7,0,0,2,0,4,0
5,5,7,0,0,1,0,1,0
5,5,7,0,0,1,0,1,0
5,5,7,0,0,1,0,1,0
7,6,7,0,0,2,0,2,0
6,5,7,0,0,2,0,2,0
5,5,7,0,0,1,0,1,0
6,6,7,0,0,1,0,1,0
32,32,7,0,0,4,0,4,0
65,64,7,0,0,8,0,4,0
1099,33,7,0,0,6,0,6,0
6,6,7,0,0,1,0,1,0
88,14,7,0,0,14,1,3,0
2,2,7,0,0,1,0,1,0
8,8,2,0,1,1,0,1,0
18,16,7,0,0,3,0,3,0
5,5,6,0,0,1,0,1,0
6,5,7,0,0,2,0,2,0
5,5,7,0,0,1,0,1,0
5,5,7,0,0,1,0,1,0
5,5,7,0,0,1,0,1,0
50,42,7,0,0,8,0,4,0
117,12,7,0,0,2,0,2,0
2,0,2,0,1,1,0,1,0
2,2,6,0,0,1,0,1,0
5,5,1,0,0,1,0,2,0
7,7,7,0,0,1,0,1,0
29,14,7,0,0,2,0,2,0
6,6,7,0,0,1,0,1,0
21,21,7,0,0,2,0,2,0
6,5,7,0,0,2,0,2,0
8,8,2,0,1,1,0,1,0
1451,1344,7,90,0,75,1,3,0
33,5,7,28,0,3,0,3,0
6,6,7,0,0,1,0,1,0
6,5,7,0,0,2,0,2,0
119,14,7,0,0,2,0,2,0
13,13,7,0,0,2,0,2,0
28,28,7,0,0,4,0,2,0
42,40,7,0,0,5,0,4,0
5,5,7,0,0,1,0,1,0
111,98,7,0,0,10,0,6,0
29,14,7,0,0,2,1,2,0
5,5,7,0,0,1,0,1,0
30,0,1,30,0,3,0,2,0
4,0,2,4,1,4,0,2,0
77,71,7,0,0,8,0,4,0
33,5,3,28,0,3,0,3,0
60,19,7,0,0,15,1,3,0
5,5,4,0,0,1,0,1,0
12,12,7,0,0,1,0,2,0
3,3,1,0,0,1,0,1,0
29,14,7,0,0,2,0,2,0
27,6,1,0,1,1,0,1,0
6,5,7,0,0,2,0,2,0
1,1,6,0,0,1,0,1,0
5,5,7,0,0,1,0,1,0
5,5,7,0,0,1,0,1,0
2,2,6,0,0,1,0,1,0
6,5,7,0,0,2,0,2,0
1,1,6,0,0,1,0,1,0
3,2,7,0,0,2,0,1,0
5,5,7,0,0,1,0,1,0
5,5,7,0,0,1,0,1,0
21,21,7,0,0,3,0,2,0
53,12,7,0,0,14,1,3,0
245,102,1,0,0,7,0,5,0
1,1,1,0,0,1,0,1,0
10,10,7,0,0,1,0,2,0
74,69,7,0,0,8,0,4,0
6,5,7,0,0,2,0,2,0
5,5,4,0,0,1,0,1,0
5,5,5,0,0,1,0,1,0
78,70,7,0,0,7,0,4,0
2,0,2,0,1,1,0,1,0
7,7,7,0,0,1,0,1,0
34,5,7,28,0,4,0,4,0
5,5,7,0,0,1,0,1,0
164,124,7,0,0,11,0,5,0
6,5,7,0,0,2,0,2,0
6,5,7,0,0,2,0,2,0
5,5,5,0,0,1,0,1,0
7,6,5,0,0,2,0,2,0
20,0,7,20,0,4,0,1,0
7,6,4,0,0,2,0,2,0
5,5,7,0,0,1,0,1,0
6,5,2,0,0,2,0,2,0
6,5,7,0,0,2,0,2,0
22,22,7,0,0,3,0,4,0
11,11,7,0,0,1,0,2,0
4,0,2,4,1,4,0,2,0
8,8,7,0,0,1,0,1,0
4,4,5,0,0,2,0,1,0
29,14,7,0,0,2,0,2,0
31,31,7,0,0,4,0,4,0
6,5,5,0,0,2,0,2,0
12,12,7,0,0,2,0,2,0
1,1,7,0,0,1,0,1,0
5,5,7,0,0,1,0,1,0
6,6,7,0,0,1,0,1,0
5,5,7,0,0,1,0,1,0
2,2,6,0,0,1,0,2,0
5,5,7,0,0,1,0,1,0
21,11,7,0,0,3,0,4,0
5,5,7,0,0,1,0,1,0
6,6,5,0,0,1,0,1,0
14,0,2,0,1,1,0,1,0
7,6,7,0,0,2,0,2,0
5,5,7,0,0,1,0,1,0
5,5,7,0,0,1,0,1,0
5,5,7,0,0,1,0,1,0
1,1,6,0,0,1,0,1,0
6,5,7,0,0,2,0,2,0
6,6,7,0,0,1,0,1,0
5,5,7,0,0,1,0,1,0
6,5,7,0,0,1,0,1,0
6,6,7,0,0,2,0,1,0
4,4,7,0,0,2,0,4,0
7,7,7,0,0,1,0,1,0
5,5,4,0,0,1,0,1,0
7,7,6,0,0,1,0,1,0
6,6,5,0,0,1,0,1,0
5,5,7,0,0,1,0,1,0
6,5,7,0,0,2,0,2,0
6,6,7,0,0,1,0,1,0
5,5,7,0,0,1,0,1,0
69,68,7,0,0,5,0,5,0
5,5,7,0,0,1,0,1,0
5,5,7,0,0,1,0,1,0
1,0,1,1,1,1,0,1,0
2,2,6,0,0,1,0,1,0
5,5,7,0,0,1,0,1,0
27,12,7,0,0,3,0,4,0
6,6,7,0,0,1,0,1,0
7,7,7,0,0,1,0,1,0
33,33,7,0,0,3,0,4,0
38,6,7,32,0,3,0,3,0
7,7,1,0,1,1,0,1,0
2,0,2,0,0,1,0,1,0
5,5,7,0,0,1,0,1,0
6,5,7,0,0,2,0,2,0
96,12,1,0,0,5,0,5,0
118,13,7,0,0,2,0,2,0
5,5,7,0,0,1,0,1,0
14,14,7,0,0,2,0,1,0
30,30,7,0,0,4,0,4,0
5,5,7,0,0,1,0,1,0
6,6,7,0,0,1,0,1,0
12,2,2,0,1,1,0,1,0
6,5,7,0,0,2,0,2,0
6,5,7,0,0,2,0,2,0
69,64,7,0,0,10,0,5,0
6,6,7,0,0,2,0,1,0
6,6,7,0,0,1,0,1,0
6,5,1,0,0,2,0,2,0
7,6,5,0,0,2,0,2,0
3,3,7,0,0,2,0,3,0
6,6,7,0,0,1,0,1,0
5,5,7,0,0,1,0,1,0
1,0,1,1,1,1,0,1,0
5,5,7,0,0,1,0,1,0
6,5,7,0,0,2,0,2,0
2,0,1,0,1,1,0,1,0
8,7,1,0,1,1,0,1,0
7,6,7,0,0,2,0,2,0
29,14,7,0,0,2,0,2,0
5,5,6,0,0,1,0,1,0
2,2,6,0,0,1,0,2,0
5,5,7,0,0,1,0,1,0
5,5,7,0,0,1,0,1,0
7,7,7,0,0,1,0,1,0
4,4,7,0,0,1,0,1,0
7,7,7,0,0,1,0,1,0
7,7,7,0,0,1,0,1,0
5,5,7,0,0,1,0,1,0
22,0,7,22,0,4,0,1,0
5,5,7,0,0,1,0,1,0
6,6,6,0,0,1,0,1,0
69,69,7,0,0,4,0,4,0
88,20,7,0,0,2,1,3,0
5,5,7,0,0,1,0,1,0
5,5,7,0,0,1,0,1,0
39,38,7,0,0,5,0,5,0
7,6,7,0,0,2,0,2,0
5,5,3,0,0,1,0,1,0
6,5,7,0,0,2,0,2,0
5,5,7,0,0,1,0,1,0
15,6,7,8,0,4,0,3,0
5,5,7,0,0,1,0,1,0
5,5,7,0,0,1,0,1,0
6,5,7,0,0,2,0,2,0
5,5,7,0,0,1,0,1,0
6,6,7,0,0,1,0,1,0
5,5,3,0,0,1,0,1,0
5,5,7,0,0,1,0,1,0
2,2,6,0,0,2,0,1,0
6,6,7,0,0,1,0,1,0
5,5,7,0,0,1,0,1,0
6,6,7,0,0,1,0,1,0
7,6,7,0,0,2,0,2,0
42,38,7,0,0,6,0,5,0
5,5,6,0,0,1,0,1,0
7,6,5,0,0,2,0,2,0
1,1,7,0,0,1,0,1,0
5,5,7,0,0,1,0,1,0
7,7,7,0,0,1,0,1,0
47,43,7,0,0,5,0,4,0
67,67,7,0,0,4,0,4,0
12,12,6,0,0,2,0,4,0
28,13,7,0,0,2,1,2,0
59,48,7,0,0,5,0,2,0
1,0,2,0,1,1,0,1,0
62,62,7,0,0,7,0,4,0
5,5,7,0,0,1,0,1,0
14,14,6,0,0,3,0,3,0
6,6,3,0,0,1,0,1,0
6,6,7,0,0,1,0,1,0
1,0,1,0,1,1,0,1,0
14,14,7,0,0,2,0,1,0
118,13,7,0,0,2,0,2,0
6,6,3,0,0,1,0,1,0
22,22,7,0,0,3,0,3,0
7,6,7,0,0,2,0,2,0
23,23,7,0,0,2,0,2,0
5,5,7,0,0,1,0,1,0
119,14,7,0,0,2,0,2,0
9,1,1,0,1,1,0,1,0
6,6,7,0,0,1,0,1,0
8,7,7,0,0,2,0,2,0
9,9,7,0,0,1,0,2,0
1,0,1,1,1,1,0,1,0
5,5,7,0,0,1,0,1,0
29,14,7,0,0,2,0,2,0
5,5,7,0,0,1,0,1,0
17,15,7,0,0,3,0,3,0
5,5,1,0,0,1,0,1,0
37,5,7,32,0,3,0,3,0
20,20,1,0,0,3,0,3,0
7,7,7,0,0,1,0,1,0
7,7,4,0,0,1,0,1,0
14,14,7,0,0,2,0,1,0
7,7,6,0,0,1,0,1,0
6,6,7,0,0,1,0,1,0
6,6,7,0,0,1,1,1,0
5,5,7,0,0,1,0,1,0
771,114,2,0,0,108,1,4,0
6,5,7,0,0,2,0,2,0
25,25,7,0,0,3,0,3,0
5,5,7,0,0,1,0,1,0
5,5,7,0,0,1,0,1,0
5,5,7,0,0,1,0,1,0
6,5,4,0,0,2,0,2,0
5,5,7,0,0,1,0,1,0
6,6,7,0,0,1,0,1,0
5,5,7,0,0,1,0,1,0
6,5,7,0,0,2,0,2,0
5,5,7,0,0,1,0,1,0
12,12,7,0,0,1,0,2,0
19,19,7,0,0,3,0,2,0
7,7,4,0,1,1,0,1,0
7,6,7,0,0,2,0,2,0
6,5,7,0,0,2,0,2,0
65,65,7,0,0,6,0,2,0
5,5,7,0,0,1,0,1,0
5,5,7,0,0,1,0,1,0
44,29,7,0,0,3,1,4,0
12,11,7,0,0,2,0,3,0
4,2,7,0,0,1,0,1,0
5,5,7,0,0,1,0,1,0
5,5,7,0,0,1,0,1,0
5,5,7,0,0,1,0,1,0
5,5,7,0,0,1,0,1,0
12,12,7,0,0,1,0,2,0
5,5,7,0,0,1,0,1,0
8,8,6,0,0,1,0,1,0
8,7,6,0,1,1,0,1,0
1,1,7,0,0,1,0,1,0
5,5,7,0,0,1,0,1,0
6,6,7,0,0,1,0,1,0
7,6,7,0,0,2,0,2,0
119,0,2,119,0,1,1,1,0
6,6,7,0,0,1,0,1,0
6,6,7,0,0,1,0,1,0
5046,906,7,0,0,17,0,5,0
27,26,7,0,0,4,0,4,0
6,5,7,0,0,2,0,2,0
7,6,7,0,0,2,0,2,0
2,1,1,0,0,2,0,2,0
7,5,7,0,0,2,0,2,0
39,29,7,0,0,7,0,2,0
1,1,6,0,0,1,0,1,0
5,5,5,0,0,1,0,1,0
5,5,7,0,0,1,0,1,0
5,5,7,0,0,1,0,1,0
1,0,1,1,1,1,0,1,0
19,19,7,0,0,3,0,2,0
6,5,7,0,0,2,0,2,0
7,7,4,0,0,1,0,1,0
3,3,1,0,0,1,0,1,0
5,5,7,0,0,1,0,1,0
6,5,7,0,0,2,0,2,0
6,6,2,0,0,1,0,1,0
7,7,6,0,0,1,0,1,0
7,7,4,0,1,1,0,1,0
5,5,7,0,0,1,0,1,0
7,4,2,0,1,1,0,1,0
5,5,7,0,0,1,0,1,0
6,6,7,0,0,1,0,1,0
5,5,4,0,0,1,0,1,0
12,12,6,0,0,2,0,4,0
35,34,7,0,0,6,0,5,0
5,5,7,0,0,1,0,1,0
29,24,6,0,0,5,0,3,0
32,6,7,0,0,4,1,6,0
13,13,6,0,0,2,0,4,0
5,5,3,0,0,1,0,1,0
5,5,7,0,0,1,0,1,0
23,20,7,0,0,4,0,2,0
64,61,7,0,0,8,0,5,0
7,7,7,0,0,1,0,1,0
21,21,7,0,0,2,0,2,0
7,6,4,0,0,2,0,2,0
5,5,7,0,0,1,0,1,0
1312,1254,7,36,0,79,1,3,0
6,6,6,0,0,1,0,1,0
7,7,7,0,0,1,0,1,0
59,58,7,0,0,8,0,5,0
5,5,7,0,0,2,0,3,0
5,5,7,0,0,1,0,1,0
5,5,7,0,0,1,0,1,0
7,6,7,0,0,2,0,2,0
6,5,7,0,0,2,0,2,0
6,5,7,0,0,2,0,2,0
8,7,7,0,0,2,0,3,0
6,6,7,0,0,1,1,1,0
5,5,7,0,0,1,0,1,0
5,5,7,0,0,1,0,1,0
5048,908,7,0,0,17,0,5,0
5,5,7,0,0,1,0,1,0
5,5,7,0,0,1,0,1,0
5,5,6,0,0,3,0,3,0
1,0,2,0,1,1,0,1,0
6,5,7,0,0,2,0,2,0
7,7,7,0,0,1,0,1,0
13,5,2,8,0,3,0,2,0
13,12,7,0,0,2,0,2,0
2,2,1,0,0,1,0,1,0
6,6,7,0,0,1,0,1,0
12,12,7,0,0,2,0,4,0
5,5,3,0,0,1,0,1,0
14,12,7,0,0,2,0,3,0
14,14,7,0,0,2,0,1,0
37,5,7,32,0,3,0,3,0
5,5,7,0,0,1,0,1,0
176,109,7,0,0,11,0,6,0
5,5,7,0,0,1,0,1,0
7,7,7,0,0,1,0,1,0
5,5,7,0,0,1,0,1,0
6,5,3,0,0,2,0,2,0
5,5,6,0,0,1,0,1,0
5,5,7,0,0,1,0,1,0
6,6,7,0,0,1,0,1,0
6,6,7,0,0,1,0,1,0
27,14,1,0,1,1,0,1,0
34,34,6,0,0,3,0,4,0
10,6,1,0,1,1,0,1,0
1,0,2,1,1,1,0,1,0
21,21,7,0,0,2,0,2,0
6,5,7,0,0,2,0,2,0
5,5,7,0,0,1,0,1,0
5,5,7,0,0,1,0,1,0
7,6,7,0,0,2,0,2,0
7,6,7,0,0,2,0,2,0
6,5,7,0,0,2,0,2,0
5,5,7,0,0,1,0,1,0
23,23,7,0,0,3,0,3,0
5,5,7,0,0,1,0,1,0
81,76,7,0,0,8,0,5,0
6,6,5,0,0,1,0,1,0
6,5,7,0,0,2,0,2,0
5,5,7,0,0,1,0,1,0
8,8,7,0,0,1,0,1,0
6,6,2,0,0,1,0,1,0
29,14,7,0,0,2,0,2,0
5,5,5,0,0,1,0,1,0
7,7,7,0,0,1,0,1,0
32,6,7,0,0,3,0,2,0
6,6,7,0,0,1,0,1,0
7,6,7,0,0,2,0,2,0
5,5,4,0,0,1,0,1,0
6,6,7,0,0,1,0,1,0
15,14,7,0,0,2,0,2,0
14,14,7,0,0,2,0,1,0
5,5,7,0,0,1,0,1,0
88,86,7,0,0,9,0,7,0
38,32,5,0,0,6,0,2,0
30,30,7,0,0,4,0,4,0
6,5,7,0,0,2,0,2,0
6,6,5,0,0,1,0,1,0
60,58,7,0,0,8,0,5,0
28,13,7,0,0,2,0,2,0
1,0,1,1,1,1,0,1,0
5,5,7,0,0,1,0,1,0
6,5,7,0,0,2,0,2,0
6,6,7,0,0,1,0,1,0
8,8,6,0,0,1,0,1,0
1,0,1,1,1,1,0,1,0
7,6,7,0,0,2,0,2,0
6,5,7,0,0,2,0,2,0
27,13,7,0,0,2,0,2,0
6,5,5,0,0,2,0,2,0
5,5,4,0,0,1,0,1,0
31,13,7,0,0,3,0,4,0
6,5,7,0,0,2,0,2,0
7,7,7,0,0,1,0,1,0
128,96,7,0,0,11,0,5,0
18,17,7,0,0,2,0,2,0
6,6,7,0,0,1,0,1,0
47,40,7,0,0,5,0,2,0
29,14,7,0,0,2,0,2,0
103,24,7,0,0,18,1,3,0
5,5,7,0,0,1,0,1,0
5,5,7,0,0,1,0,1,0
5,5,3,0,0,1,0,1,0
30,30,7,0,0,3,0,3,0
5,5,7,0,0,1,0,1,0
6,6,6,0,0,1,0,1,0
5,5,7,0,0,1,0,1,0
27,12,7,0,0,2,0,2,0
6,6,7,0,0,1,0,1,0
2,2,5,0,0,1,0,2,0
23,23,7,0,0,2,0,2,0
117,12,7,0,0,2,0,2,0
5,5,7,0,0,1,0,1,0
41,39,7,0,0,6,0,4,0
5,5,7,0,0,1,0,1,0
7,7,7,0,0,1,0,1,0
28,13,7,0,0,2,0,2,0
12,12,7,0,0,1,0,2,0
7,7,7,0,0,1,0,1,0
10,10,7,0,0,1,0,2,0
2,2,7,0,0,1,0,2,0
6,6,7,0,0,1,0,1,0
7,7,7,0,0,1,0,1,0
6,6,7,0,0,1,0,1,0
5,5,7,0,0,1,0,1,0
5,5,7,0,0,1,0,1,0
7,7,7,0,0,1,0,1,0
5,5,7,0,0,1,0,1,0
5,5,7,0,0,1,0,1,0
13,13,7,0,0,2,0,2,0
5,5,7,0,0,1,0,1,0
7,7,7,0,0,1,0,1,0
6,5,7,0,0,2,0,2,0
5,5,7,0,0,1,0,1,0
6,6,6,0,0,1,0,1,0
45,38,7,0,0,5,0,4,0
5,5,7,0,0,1,0,1,0
5,5,7,0,0,1,0,1,0
5,5,7,0,0,1,0,1,0
5,5,7,0,0,1,0,1,0
119,14,7,0,0,2,0,2,0
30,6,2,24,0,3,0,2,0
1,0,2,0,1,1,0,1,0
5,5,4,0,0,1,0,1,0
7,6,7,0,0,2,0,2,0
5,0,2,5,1,5,0,1,0
6,6,7,0,0,1,0,1,0
5,5,7,0,0,1,0,1,0
6,6,7,0,0,1,0,1,0
1,1,6,0,0,1,0,1,0
8,8,7,0,0,1,0,1,0
5,5,7,0,0,1,0,1,0
6,6,7,0,0,1,0,2,0
1,0,2,1,1,1,0,1,0
6,6,7,0,0,1,0,1,0
2,2,6,0,0,1,0,1,0
36,21,7,0,0,3,0,3,0
6,6,7,0,0,1,0,1,0
5,5,7,0,0,1,0,1,0
5,5,7,0,0,1,0,1,0
5,5,7,0,0,1,0,1,0
14,12,7,1,0,3,0,4,0
5,5,7,0,0,1,0,1,0
7,6,7,0,0,2,0,2,0
5,5,7,0,0,1,0,1,0
6,5,7,0,0,2,0,2,0
7,6,3,0,0,2,0,2,0
2,2,6,0,0,1,0,1,0
7,7,6,0,0,1,0,1,0
56,53,7,0,0,8,0,5,0
34,6,7,28,0,3,0,3,0
6,5,7,0,0,2,0,2,0
17,17,7,0,0,3,0,4,0
11,11,7,0,0,1,0,2,0
5,5,7,0,0,1,0,1,0
50,46,7,0,0,7,0,5,0
5,5,7,0,0,1,0,1,0
21,5,7,16,0,3,0,3,0
5,5,7,0,0,1,0,1,0
5,5,7,0,0,1,0,1,0
5,5,7,0,0,1,0,1,0
5,5,7,0,0,1,0,1,0
7,6,7,0,0,2,0,2,0
5,5,7,0,0,1,0,1,0
6,6,7,0,0,1,0,1,0
5,5,7,0,0,1,0,1,0
5,5,7,0,0,1,0,1,0
4,4,7,0,0,1,0,1,0
11,11,7,0,0,2,0,2,0
5,5,3,0,0,1,0,1,0
11,6,7,4,0,4,0,3,0
34,6,7,0,0,3,0,2,0
7,7,7,0,0,1,0,1,0
14,14,7,0,0,1,0,2,0
5,0,3,5,0,1,0,1,0
7,7,7,0,0,1,0,1,0
5,5,7,0,0,1,0,1,0
6,6,7,0,0,1,0,1,0
5,5,7,0,0,1,0,1,0
6,6,7,0,0,1,0,1,0
5,5,7,0,0,1,0,1,0
35,14,7,0,0,4,1,16,0
44,35,7,0,0,8,0,3,0
21,5,7,16,0,3,0,3,0
5,5,3,0,0,1,0,1,0
10,10,7,0,0,1,0,1,0
5,5,7,0,0,1,0,1,0
6,5,7,0,0,2,0,2,0
91,85,5,0,0,9,0,2,0
15,15,7,0,0,2,0,1,0
5,5,7,0,0,1,0,1,0
7,7,7,0,1,1,0,1,0
20,0,7,20,0,4,0,1,0
5,5,7,0,0,1,0,1,0
5,5,7,0,0,1,0,1,0
1,1,6,0,0,1,0,1,0
6,6,7,0,0,1,0,1,0
5,5,7,0,0,1,0,1,0
6,5,7,0,0,2,0,2,0
8,8,3,0,0,1,0,1,0
22,22,7,0,0,3,0,2,0
6,6,7,0,0,1,0,1,0
27,12,7,0,0,2,0,2,0
5,5,7,0,0,1,0,1,0
6,5,7,0,0,2,0,2,0
6,5,7,0,0,2,0,2,0
9,0,1,9,1,8,0,1,0
5,5,7,0,0,1,0,1,0
6,5,7,0,0,2,0,2,0
5,5,7,0,0,1,0,1,0
5,5,7,0,0,1,0,1,0
21,20,7,0,0,4,0,3,0
5,5,7,0,0,1,0,1,0
39,39,7,0,0,5,0,4,0
6,5,7,0,0,2,0,2,0
7,7,7,0,0,1,0,1,0
7,7,7,0,0,1,0,1,0
35,20,7,0,0,3,0,3,0
5,5,7,0,0,1,0,1,0
28,13,7,0,0,2,0,2,0
5,5,7,0,0,1,0,1,0
6,5,7,0,0,2,0,2,0
6,6,7,0,0,1,0,1,0
1,1,7,0,0,1,0,1,0
7,7,7,0,0,1,0,1,0
8,7,7,0,0,2,0,2,0
12,12,7,0,0,2,0,1,0
5,5,7,0,0,1,0,1,0
71,70,7,0,0,5,0,5,0
6,5,7,0,0,2,0,2,0
6,5,7,0,0,2,0,2,0
6,6,7,0,0,1,0,1,0
5,5,7,0,0,1,0,1,0
5,5,7,0,0,1,0,1,0
5,5,7,0,0,1,0,1,0
8,8,7,0,0,1,0,1,0
5,5,7,0,0,1,0,1,0
11,11,7,0,0,1,0,2,0
5,5,7,0,0,1,0,1,0
6,6,6,0,0,1,0,1,0
6,6,7,0,0,1,0,1,0
6,6,7,0,0,1,0,1,0
7,7,6,0,0,1,0,1,0
7,7,7,0,0,1,0,1,0
5,5,3,0,0,1,0,1,0
5,5,7,0,0,1,0,1,0
6,6,7,0,0,1,0,1,0
68,62,7,0,0,7,0,4,0
6,5,7,0,0,2,0,2,0
66,63,7,0,0,8,0,4,0
1,0,2,1,1,1,0,1,0
5,5,7,0,0,1,0,1,0
5,5,7,0,0,1,0,1,0
33,33,7,0,0,4,0,4,0
37,37,7,0,0,5,0,4,0
6,6,7,0,0,1,0,1,0
7,7,7,0,0,1,0,1,0
9,5,2,4,0,3,0,2,0
8,4,1,0,1,1,0,1,0
4,3,1,0,0,2,0,2,0
28,11,7,0,0,4,0,5,0
6,6,7,0,0,1,0,1,0
11,8,1,0,1,2,0,2,0
5,5,7,0,0,1,0,1,0
5,5,7,0,0,1,0,1,0
12,12,7,0,0,1,0,2,0
7,6,7,0,0,2,0,2,0
1,1,6,0,0,1,0,1,0
2,2,6,0,0,2,0,1,0
5,5,7,0,0,1,0,1,0
8,8,1,0,1,1,0,1,0
6,6,7,0,0,1,0,1,0
14,14,7,0,0,2,0,1,0
8,8,6,0,0,1,0,1,0
4,4,7,0,0,2,0,1,0
5,5,7,0,0,1,0,1,0
5,5,7,0,0,1,0,1,0
9,5,7,4,0,3,0,2,0
29,14,7,0,0,2,0,2,0
34,5,6,28,0,4,0,4,0
10,6,7,4,0,3,0,2,0
6,5,7,0,0,2,0,2,0
16,12,7,0,0,2,0,3,0
1,0,1,0,1,1,0,1,0
7,7,7,0,0,1,0,1,0
34,34,7,0,0,5,0,4,0
7,7,7,0,0,1,0,1,0
7,7,1,0,0,1,0,1,0
7,7,7,0,0,1,0,1,0
5,5,7,0,0,1,0,1,0
744,57,7,0,0,5,0,5,0
6,6,7,0,0,1,0,1,0
5,5,7,0,0,1,0,1,0
5,5,7,0,0,1,0,1,0
6,5,7,0,0,2,0,2,0
6,5,7,0,0,2,0,2,0
7,7,7,0,0,1,0,1,0
5,5,7,0,0,1,0,1,0
30,15,7,0,0,2,0,2,0
5,0,2,5,1,5,0,1,0
7,7,6,0,0,2,0,2,0
7,6,7,0,0,2,0,2,0
2,2,6,0,0,1,0,1,0
6,5,4,0,0,2,0,2,0
7,6,7,0,0,2,0,2,0
5,5,7,0,0,1,0,1,0
3,0,2,3,1,3,0,1,0
5,5,7,0,0,1,0,1,0
6,5,7,0,0,2,0,2,0
6,5,7,0,0,2,0,2,0
6,6,7,0,0,1,0,1,0
84,0,7,0,0,2,0,1,0
7,6,7,0,0,2,0,2,0
5,5,7,0,0,1,0,1,0
55,54,7,0,0,7,0,4,0
29,14,7,0,0,2,0,2,0
4,0,2,4,1,4,0,1,0
5,5,7,0,0,1,0,1,0
32,32,7,0,0,4,0,4,0
6,6,7,0,0,1,0,1,0
6,6,6,0,0,1,0,1,0
57,56,7,0,0,7,0,4,0
5,5,7,0,0,1,0,1,0
5,5,7,0,0,1,0,1,0
5,5,7,0,0,1,0,1,0
6,6,7,0,0,1,0,1,0
105,93,7,0,0,13,0,5,0
5,5,1,0,0,1,0,1,0
6,6,7,0,0,1,0,1,0
6,5,6,0,0,2,0,2,0
29,14,7,0,0,2,0,2,0
7,7,7,0,0,1,0,1,0
5,5,7,0,0,1,0,1,0
6,5,7,0,0,1,0,1,0
10,10,6,0,0,1,0,2,0
14,14,7,0,0,2,0,1,0
5,5,7,0,0,1,0,1,0
5,5,7,0,0,1,0,1,0
10,10,7,0,0,1,0,2,0
1,0,2,1,1,1,0,1,0
20,20,7,0,0,3,0,4,0
16,12,7,3,0,4,0,3,0
66,20,2,0,1,1,0,1,0
5,5,7,0,0,1,0,1,0
6,6,7,0,0,1,0,1,0
5,5,7,0,0,1,0,1,0
119,14,7,0,0,2,0,2,0
70,6,2,64,0,3,0,3,0
6,6,7,0,0,1,0,1,0
1,0,1,1,1,1,0,1,0
69,68,7,0,0,6,0,2,0
65,64,7,0,0,8,0,4,0
7,7,7,0,0,1,0,1,0
9,5,7,4,0,3,0,2,0
3,3,7,0,0,2,0,3,0
6,5,7,0,0,2,0,2,0
6,5,4,0,0,2,0,2,0
6,6,7,0,0,1,0,1,0
7,6,7,0,0,2,0,2,0
13,13,7,0,0,2,0,1,0
5,5,7,0,0,1,0,1,0
5,5,7,0,0,1,0,1,0
6,5,7,0,0,2,0,2,0
41,41,7,0,0,6,0,4,0
66,65,7,0,0,8,0,5,0
5,5,6,0,0,1,0,1,0
17,13,7,0,0,2,0,3,0
6,6,7,0,0,1,0,1,0
18,0,1,0,0,1,0,1,0
5,5,7,0,0,1,0,1,0
2,0,2,0,1,1,0,1,0
6,6,7,0,0,2,0,1,0
1,0,2,1,1,1,0,1,0
31,30,7,0,0,4,0,4,0
6,6,7,0,0,1,0,1,0
5,5,7,0,0,1,0,1,0
5,5,7,0,0,1,0,1,0
5,5,7,0,0,1,0,1,0
7,6,7,0,0,2,0,2,0
6,5,7,0,0,2,0,2,0
33,32,7,0,0,5,0,5,0
5,5,7,0,0,1,0,1,0
7,7,7,0,0,1,0,1,0
6,5,7,0,0,2,0,2,0
7,7,3,0,0,1,0,2,0
6,5,7,0,0,2,0,2,0
9,9,7,0,0,3,0,4,0
20,20,7,0,0,2,0,2,0
27,12,7,0,0,2,0,2,0
11,6,7,4,0,4,0,3,0
70,69,7,0,0,9,0,4,0
5,5,7,0,0,1,0,1,0
5,5,7,0,0,1,0,1,0
28,13,7,0,0,2,0,2,0
41,36,7,0,0,7,0,4,0
6,6,7,0,0,1,0,1,0
5,5,7,0,0,1,0,1,0
6,6,7,0,0,1,0,1,0
25,7,7,0,0,4,1,4,0
58,58,7,0,0,6,0,4,0
5,5,7,0,0,1,0,1,0
6,6,7,0,0,1,0,1,0
6,5,7,0,0,2,0,2,0
5,5,7,0,0,1,0,1,0
8,8,1,0,1,1,0,1,0
5,5,7,0,0,1,0,1,0
13,13,7,0,0,2,0,1,0
3,0,2,3,1,3,0,3,0
5,5,7,0,0,1,0,1,0
6,6,7,0,0,1,0,1,0
13,13,7,0,0,2,0,1,0
1,1,6,0,0,1,0,1,0
5,5,7,0,0,1,0,1,0
452,16,7,0,0,3,1,428,0
5,5,7,0,0,1,0,1,0
9,5,7,4,0,3,0,2,0
28,13,7,0,0,2,0,2,0
6,5,7,0,0,2,0,2,0
5,5,7,0,0,1,0,1,0
6,6,5,0,0,1,0,1,0
7,7,7,0,0,1,0,1,0
102,87,7,0,0,10,0,5,0
1,1,1,0,0,1,0,1,0
5,5,7,0,0,1,0,1,0
13,13,7,0,0,2,0,2,0
73,0,7,0,0,2,0,1,0
28,13,7,0,0,2,0,2,0
35,6,7,28,0,4,0,4,0
5,5,7,0,0,1,0,1,0
5,5,7,0,0,1,0,1,0
7,7,7,0,0,1,0,1,0
64,64,7,0,0,7,0,4,0
7,6,7,0,0,2,0,2,0
5,5,7,0,0,1,0,1,0
7,7,6,0,0,1,0,1,0
6,6,1,0,1,1,0,1,0
5,5,7,0,0,1,0,1,0
30,30,7,0,0,4,0,4,0
7,7,3,0,1,1,0,1,0
5,5,7,0,0,1,0,1,0
33,5,7,28,0,3,0,3,0
27,12,7,0,0,2,0,2,0
8,8,7,0,0,1,0,1,0
7,7,7,0,0,1,0,1,0
6,6,6,0,0,1,0,1,0
6,5,7,0,0,2,0,2,0
938,793,7,126,0,76,1,3,0
33,32,7,0,0,5,0,5,0
6,6,6,0,0,1,0,1,0
50,41,6,0,0,2,0,1,0
1,1,6,0,0,1,0,1,0
5,5,7,0,0,1,0,1,0
3,0,2,3,1,3,0,1,0
6,6,3,0,0,1,0,1,0
7,6,5,0,0,2,0,2,0
7,7,7,0,0,1,0,1,0
5,5,7,0,0,1,0,1,0
49,42,7,0,0,5,0,2,0
5,5,7,0,0,1,0,1,0
6,5,7,0,0,2,0,2,0
7,7,7,0,0,1,0,1,0
6,0,2,6,1,5,0,1,0
4,4,1,0,1,1,0,1,0
6,6,7,0,0,1,0,1,0
301,21,7,0,0,3,1,216,0
1,0,2,1,1,1,0,1,0
7,7,7,0,0,1,0,1,0
6,6,1,0,0,1,0,1,0
7,7,7,0,0,1,0,1,0
6,6,7,0,0,1,0,1,0
28,13,7,0,0,2,0,2,0
6,6,5,0,0,1,0,1,0
7,6,7,0,0,2,0,2,0
5,5,7,0,0,1,0,1,0
6,5,7,0,0,2,0,2,0
2,2,2,0,0,1,0,1,0
8,8,3,0,0,1,0,1,0
5,5,7,0,0,1,0,1,0
22,5,7,16,0,4,0,4,0
6,6,7,0,0,1,0,1,0
29,14,7,0,0,2,0,2,0
67,63,7,0,0,8,0,5,0
76,43,7,0,0,16,0,4,0
5,5,5,0,0,1,0,1,0
6,6,7,0,0,1,0,1,0
5,5,7,0,0,1,0,1,0
27,12,7,0,0,2,0,2,0
5,5,7,0,0,1,0,1,0
7,7,7,0,0,1,0,1,0
5,5,7,0,0,1,0,1,0
6,6,7,0,0,1,0,1,0
30,30,7,0,0,3,0,3,0
6,5,7,0,0,2,0,2,0
6,6,6,0,0,1,0,1,0
19,2,1,0,0,2,0,2,0
6,6,7,0,0,1,0,1,0
5,5,7,0,0,1,0,1,0
5,5,5,0,0,1,0,1,0
158,33,1,5,0,8,1,7,0
297,217,7,0,0,8,0,3,0
7,7,7,0,0,1,0,1,0
6,6,7,0,0,1,0,1,0
34,19,7,0,0,3,0,3,0
6,5,7,0,0,2,0,2,0
6,6,7,0,0,1,0,1,0
5,5,7,0,0,1,0,1,0
5,5,7,0,0,1,0,1,0
5,5,4,0,0,1,0,1,0
7,7,6,0,0,1,0,1,0
119,0,2,119,0,1,1,1,0
29,6,7,0,0,4,1,6,0
8,8,6,0,0,1,0,1,0
136,102,7,0,0,8,0,5,0
34,5,7,28,0,4,0,4,0
5,5,7,0,0,1,0,1,0
7,7,6,0,0,1,0,1,0
1,1,7,0,0,1,0,1,0
5,5,3,0,0,1,0,1,0
118,13,7,0,0,2,0,2,0
62,46,7,0,0,6,0,5,0
7,6,7,0,0,2,0,2,0
64,62,7,0,0,7,0,4,0
6,6,7,0,0,1,0,1,0
5,5,7,0,0,1,0,1,0
4,4,1,0,0,3,0,3,0
6,5,7,0,0,2,0,2,0
5,5,7,0,0,1,0,1,0
5,5,7,0,0,1,0,1,0
6,5,7,0,0,2,0,2,0
26,12,7,0,1,1,0,1,0
7,7,7,0,0,1,0,1,0
7,7,7,0,0,1,0,1,0
7,7,7,0,0,1,0,1,0
5,5,7,0,0,1,0,1,0
5,5,7,0,0,1,0,1,0
97,78,7,0,0,8,0,5,0
120,14,7,0,0,2,0,2,0
5,5,7,0,0,1,0,1,0
7,7,7,0,0,1,0,1,0
5,5,7,0,0,1,0,1,0
41,34,6,0,0,3,0,1,0
4,4,7,0,0,2,0,1,0
8,7,7,0,0,2,0,2,0
2,2,7,0,0,1,0,2,0
6,6,6,0,0,1,0,1,0
6,6,7,0,0,1,0,1,0
6,6,6,0,0,2,0,1,0
10,10,7,0,0,1,0,2,0
6,6,7,0,0,1,0,1,0
5,5,7,0,0,1,0,1,0
5,5,7,0,0,1,0,1,0
2,2,7,0,0,1,0,1,0
5,5,7,0,0,1,0,1,0
6,5,7,0,0,2,0,2,0
7,7,6,0,0,2,0,2,0
21,20,7,0,0,4,0,3,0
5,5,7,0,0,1,0,1,0
6,5,7,0,0,2,0,2,0
5,5,1,0,0,1,0,1,0
6,5,7,0,0,2,0,2,0
7,7,7,0,0,1,0,1,0
5,5,2,0,0,1,0,1,0
21,5,1,16,0,3,0,3,0
8,8,7,0,0,1,0,1,0
1,0,2,1,1,1,0,1,0
8,8,6,0,0,1,0,1,0
3,0,1,3,0,2,0,1,0
7,6,7,0,0,2,0,2,0
1,0,2,1,1,1,0,1,0
14,0,1,0,0,2,0,2,0
7,6,7,0,0,2,0,2,0
5,5,7,0,0,1,0,1,0
6,6,7,0,0,1,0,1,0
12,12,7,0,0,2,0,2,0
6,6,7,0,0,1,0,1,0
988,0,7,988,0,1,0,1,0
11,11,7,0,0,2,0,2,0
4,4,7,0,0,2,0,2,0
6,6,1,0,0,1,0,1,0
42,40,7,0,0,5,0,4,0
5,5,7,0,0,1,0,1,0
37,37,7,0,0,5,0,4,0
5,5,7,0,0,1,0,1,0
11,8,6,3,0,2,0,2,0
5,5,7,0,0,1,0,1,0
8,8,6,0,0,1,0,1,0
1,1,1,0,0,1,0,1,0
6,6,7,0,0,1,0,1,0
14,14,7,0,0,2,0,1,0
1370,1270,7,81,0,78,1,3,0
47,5,7,0,0,2,0,2,0
34,7,7,0,0,5,1,9,0
5,5,7,0,0,1,0,1,0
35,20,7,0,0,3,0,3,0
5,5,7,0,0,1,0,1,0
6,6,7,0,0,1,0,1,0
6,5,7,0,0,2,0,2,0
22,22,4,0,0,2,0,2,0
7,6,7,0,0,2,0,2,0
4,4,7,0,0,2,0,1,0
5,5,7,0,0,1,0,1,0
7,7,7,0,0,1,0,1,0
11,11,7,0,0,1,0,2,0
28,13,7,0,0,2,0,2,0
4,4,2,0,1,1,0,1,0
28,13,7,0,0,2,1,2,0
6,6,7,0,0,1,0,1,0
5,5,5,0,0,1,0,1,0
6,6,7,0,0,1,0,1,0
18,16,7,0,0,2,0,2,0
39,38,7,0,0,5,0,5,0
10,10,7,0,0,1,0,2,0
7,7,6,0,0,1,0,1,0
7,7,4,0,0,1,0,1,0
1,0,1,1,1,1,0,1,0
10,10,7,0,0,2,0,2,0
5,5,7,0,0,1,0,1,0
4,3,2,0,1,1,0,1,0
119,14,7,0,0,2,0,2,0
6,5,7,0,0,2,0,2,0
5,5,7,0,0,1,0,1,0
5,5,7,0,0,1,0,1,0
6,6,7,0,0,1,0,1,0
39,37,7,0,0,5,0,4,0
45,5,1,40,0,3,0,3,0
6,6,7,0,0,1,0,1,0
14,14,7,0,0,3,0,3,0
134,95,7,0,0,7,0,4,0
5,5,7,0,0,1,0,1,0
120,120,7,0,0,9,0,7,0
14,6,2,8,0,3,0,2,0
6,6,7,0,0,1,0,1,0
11,8,5,0,1,1,0,1,0
8,7,7,0,0,2,0,2,0
8,8,7,0,0,1,0,1,0
6,6,5,0,0,1,0,1,0
10,5,7,4,0,4,0,3,0
31,12,6,0,1,1,0,1,0
5,5,7,0,0,1,0,1,0
5,5,7,0,0,1,0,1,0
6,6,7,0,0,1,0,1,0
6,6,7,0,0,1,0,1,0
5,5,7,0,0,1,0,1,0
28,13,7,0,0,2,0,2,0
6,6,7,0,0,1,0,1,0
7,7,1,0,1,1,0,1,0
7,7,1,0,1,1,0,1,0
2,2,7,0,0,2,0,1,0
7,6,7,0,0,2,0,2,0
5,5,7,0,0,1,0,1,0
5,5,6,0,0,1,0,1,0
7,7,7,0,0,1,0,1,0
5,5,7,0,0,1,0,1,0
5,5,7,0,0,1,0,1,0
8,7,6,0,0,2,0,2,0
5,5,7,0,0,1,0,1,0
15,15,7,0,0,2,0,2,0
28,13,7,0,0,2,0,2,0
5,5,7,0,0,1,0,1,0
6,5,7,0,0,2,0,2,0
6,6,4,0,0,1,0,1,0
108,74,7,0,0,12,0,2,0
5,5,7,0,0,1,0,1,0
594,125,2,0,0,119,1,2,0
5,5,7,0,0,1,0,1,0
7,7,7,0,0,1,0,1,0
5,5,6,0,0,1,0,1,0
34,5,7,28,0,4,0,4,0
6,5,7,0,0,2,0,2,0
5,5,5,0,0,1,0,1,0
6,6,7,0,0,1,0,1,0
986,0,7,986,0,1,0,1,0
7,7,7,0,0,1,0,1,0
2,0,2,2,1,2,0,1,0
5,5,7,0,0,1,0,1,0
6,6,7,0,0,1,0,1,0
5,5,7,0,0,1,0,1,0
34,7,7,0,0,4,1,5,0
7,7,6,0,0,1,0,1,0
5,5,7,0,0,1,0,1,0
43,30,7,0,0,7,0,2,0
68,18,7,0,0,14,1,3,0
6,5,7,0,0,2,0,2,0
17,17,7,0,0,3,0,2,0
41,36,7,0,0,6,0,2,0
5,5,7,0,0,1,0,1,0
7,7,7,0,0,2,0,2,0
37,5,7,32,0,3,0,3,0
5,5,7,0,0,1,0,1,0
5,5,7,0,0,1,0,1,0
7,7,7,0,0,1,0,1,0
6,6,7,0,0,1,0,1,0
5,5,2,0,0,1,0,1,0
5,5,2,0,0,1,0,1,0
3,3,7,0,0,1,0,1,0
5,5,7,0,0,1,0,1,0
7,7,4,0,1,1,0,1,0
7,7,7,0,0,1,0,1,0
5,5,7,0,0,1,0,1,0
1,1,7,0,0,1,0,1,0
33,33,7,0,0,3,0,3,0
6,6,7,0,0,1,0,1,0
29,14,7,0,0,2,0,2,0
7,7,7,0,0,1,0,1,0
7,7,6,0,0,1,0,1,0
5,5,7,0,0,1,0,1,0
986,0,7,986,0,1,0,1,0
2,2,7,0,0,2,0,1,0
7,6,7,0,0,2,0,2,0
5,5,6,0,0,1,0,1,0
5,5,7,0,0,1,0,1,0
5,5,7,0,0,1,0,1,0
14,14,7,0,0,2,0,1,0
5,5,7,0,0,1,0,1,0
6,6,7,0,0,1,0,1,0
7,5,7,0,0,2,0,2,0
4,4,7,0,0,2,0,4,0
5,5,7,0,0,1,0,1,0
5,5,7,0,0,1,0,1,0
29,14,7,0,0,2,0,2,0
9,6,6,3,0,2,0,2,0
2,2,6,0,0,1,0,1,0
7,7,7,0,0,1,0,1,0
2,1,7,0,0,1,0,1,0
7,7,7,0,0,1,0,1,0
8,8,2,0,1,1,0,1,0
7,6,4,0,0,2,0,2,0
7,7,7,0,0,1,0,1,0
28,13,7,0,0,2,0,2,0
73,73,7,0,0,4,0,4,0
6,5,7,0,0,2,0,2,0
16,16,7,0,0,2,0,1,0
7,7,7,0,0,1,0,1,0
26,26,7,0,0,3,0,3,0
7,6,7,0,0,2,0,2,0
13,13,6,0,0,3,0,4,0
6,6,1,0,0,2,0,2,0
5,5,7,0,0,1,0,1,0
12,12,7,0,0,2,0,4,0
62,62,7,0,0,5,0,4,0
16,0,7,16,0,4,0,1,0
8,8,7,0,0,1,0,1,0
25,18,7,1,0,4,0,7,0
5,5,7,0,0,1,0,1,0
8,4,7,0,0,2,0,2,0
16,10,5,0,1,1,0,1,0
6,6,7,0,0,1,0,1,0
5,5,5,0,0,1,0,1,0
37,37,7,0,0,5,0,4,0
38,5,7,32,0,4,0,4,0
5,5,7,0,0,1,0,1,0
7,7,6,0,0,1,0,1,0
12,12,7,0,0,1,0,2,0
17,15,7,0,0,3,0,3,0
6,5,7,0,0,2,0,2,0
6,5,4,0,0,2,0,2,0
5,5,7,0,0,1,0,1,0
6,6,6,0,0,1,0,1,0
7,7,6,0,0,1,0,1,0
59,58,7,0,0,6,0,4,0
1,1,7,0,0,1,0,1,0
5,5,7,0,0,1,0,1,0
26,6,7,20,0,3,0,3,0
14,5,7,8,0,4,0,3,0
5049,910,7,0,0,17,0,5,0
5,5,7,0,0,1,0,1,0
7,7,7,0,0,1,0,1,0
54,53,7,0,0,7,0,4,0
5,5,7,0,0,1,0,1,0
36,21,7,0,0,3,0,3,0
6,5,4,0,0,2,0,2,0
5,5,7,0,0,1,0,1,0
34,5,7,28,0,4,0,4,0
2,2,7,0,0,1,0,1,0
6,5,7,0,0,2,0,2,0
6,5,7,0,0,2,0,2,0
28,12,7,16,0,4,0,4,0
6,6,7,0,0,1,0,1,0
5,5,7,0,0,1,0,1,0
6,5,7,0,0,2,0,2,0
7,6,7,0,0,2,0,2,0
4,0,2,4,1,2,0,2,0
7,6,7,0,0,2,0,2,0
1,0,2,1,1,1,0,1,0
7,7,7,0,0,1,0,1,0
5,5,7,0,0,1,0,1,0
5,5,7,0,0,1,0,1,0
5,5,3,0,0,1,0,1,0
26,12,7,0,0,3,0,4,0
4,4,7,0,0,2,0,2,0
10,10,1,0,0,6,0,4,0
6,6,7,0,0,1,0,1,0
7,7,7,0,0,1,0,1,0
6,6,7,0,0,1,0,1,0
31,6,7,24,0,4,0,3,0
6,5,7,0,0,2,0,2,0
1,1,6,0,0,1,0,1,0
7,7,7,0,0,1,0,1,0
7,7,7,0,0,1,0,1,0
7,7,6,0,0,1,0,1,0
6,6,7,0,0,1,0,1,0
6,6,7,0,0,1,0,1,0
26,11,7,0,0,3,0,4,0
5,5,3,0,0,1,0,1,0
8,7,7,0,0,2,0,2,0
7,6,7,0,0,2,0,2,0
986,0,7,986,0,1,0,1,0
6,6,7,0,0,1,0,1,0
7,6,7,0,0,2,0,2,0
5,5,7,0,0,1,0,1,0
25,25,1,0,1,1,0,1,0
8,4,7,0,0,2,0,1,0
7,6,7,0,0,2,0,2,0
13,13,7,0,0,2,0,4,0
60,59,7,0,0,7,0,6,0
6,6,7,0,0,1,0,1,0
5,5,5,0,0,1,0,1,0
6,6,7,0,0,1,0,1,0
66,66,7,0,0,6,0,2,0
28,13,7,0,0,2,0,2,0
5,5,7,0,0,1,0,1,0
6,5,5,0,0,1,0,1,0
64,60,7,0,0,8,0,5,0
29,14,7,0,0,2,0,2,0
5,5,7,0,0,1,0,1,0
6,6,6,0,0,1,0,1,0
5,5,5,0,0,1,0,1,0
7,6,7,0,0,2,0,2,0
5,5,7,0,0,1,0,1,0
6,6,4,0,0,1,0,1,0
5,5,7,0,0,1,0,1,0
5,5,7,0,0,1,0,1,0
7,7,3,0,0,1,0,1,0
2298,2156,7,120,0,79,1,3,0
7,7,7,0,0,1,0,1,0
5,5,7,0,0,1,0,1,0
13,5,7,8,0,3,0,2,0
1,0,1,0,1,1,0,1,0
5,5,7,0,0,1,0,1,0
6,5,7,0,0,2,0,2,0
67,67,7,0,0,6,0,2,0
5,5,5,0,0,1,0,1,0
8,8,1,0,1,2,0,1,0
7,6,7,0,0,2,0,2,0
6,6,7,0,0,1,0,2,0
3,0,1,0,1,1,0,1,0
2,2,1,0,0,1,0,1,0
6,6,6,0,0,1,0,1,0
6,6,7,0,0,1,0,1,0
5,5,7,0,0,1,0,1,0
6,6,7,0,0,1,0,1,0
6,6,7,0,0,1,0,1,0
21,20,7,0,0,4,0,3,0
25,25,7,0,0,3,0,3,0
3,3,6,0,0,2,0,3,0
7,6,7,0,0,2,0,2,0
7,6,7,0,0,2,0,2,0
2,0,2,0,1,1,0,1,0
6,6,7,0,0,1,0,1,0
5,5,7,0,0,1,0,1,0
5,5,1,0,0,1,0,1,0
7,6,7,0,0,2,0,2,0
6,6,7,0,0,1,0,1,0
84,0,7,0,0,2,0,1,0
5,5,7,0,0,1,0,1,0
2,2,6,0,0,1,0,2,0
7,7,4,0,0,1,0,1,0
7,6,7,0,0,2,0,2,0
17,13,7,3,0,4,0,3,0
84,0,7,0,0,2,0,1,0
7,7,1,0,1,1,0,1,0
8,8,6,0,0,1,0,1,0
1960,1828,7,111,0,79,1,3,0
6,6,6,0,0,1,0,1,0
6,5,7,0,0,2,0,2,0
6,6,7,0,0,1,0,1,0
6,6,2,0,0,1,0,1,0
10,10,7,0,0,1,0,2,0
5,5,7,0,0,1,0,1,0
6,5,7,0,0,2,0,2,0
61,59,7,0,0,7,0,4,0
41,37,6,0,0,6,0,2,0
5,5,7,0,0,1,0,1,0
37,37,7,0,0,3,0,3,0
44,12,7,0,0,4,0,5,0
5,5,7,0,0,1,0,1,0
1,0,2,0,1,1,0,1,0
34,29,5,0,0,5,0,2,0
35,20,7,0,0,3,0,3,0
6,6,7,0,0,1,0,1,0
4,4,5,0,0,2,0,1,0
31,31,7,0,0,4,0,4,0
2,2,7,0,0,1,0,1,0
5,5,7,0,0,1,0,1,0
5,5,3,0,0,1,0,1,0
7,6,2,0,1,1,0,1,0
10,10,7,0,0,1,0,2,0
38,10,7,0,0,4,0,5,0
5,5,7,0,0,1,0,1,0
8,7,7,0,0,2,0,2,0
14,13,7,0,0,3,0,3,0
5,5,7,0,0,1,0,1,0
8,7,7,0,0,2,0,2,0
7,7,2,0,1,1,0,1,0
5,5,7,0,0,1,0,1,0
5,5,7,0,0,1,0,1,0
28,13,7,0,0,2,0,2,0
6,6,5,0,0,1,0,1,0
13,13,7,0,0,2,0,2,0
5,5,7,0,0,1,0,1,0
6,6,7,0,0,1,0,1,0
55,55,7,0,0,6,0,4,0
4,4,5,0,0,1,0,1,0
7,7,7,0,0,1,0,1,0
7,7,7,0,0,1,0,1,0
10,6,7,4,0,3,0,2,0
7,7,7,0,0,1,0,1,0
5,5,7,0,0,1,0,1,0
2,2,7,0,0,1,0,2,0
5,5,6,0,0,1,0,1,0
5,5,7,0,0,1,0,1,0
5,5,7,0,0,1,0,1,0
28,13,7,0,0,2,0,2,0
27,11,7,0,0,3,0,4,0
6,6,7,0,0,1,0,1,0
88,71,7,0,0,7,0,4,0
3,2,2,0,1,1,0,1,0
5,5,7,0,0,1,0,1,0
6,6,7,0,0,1,0,1,0
84,0,7,0,0,2,0,1,0
1,0,1,1,1,1,0,1,0
8,7,7,0,0,2,0,2,0
6,6,7,0,0,1,0,1,0
6,6,7,0,0,1,0,1,0
28,13,7,0,0,2,0,2,0
5,5,7,0,0,1,0,1,0
20,20,7,0,0,3,0,2,0
5,5,7,0,0,1,0,1,0
60,57,7,0,0,6,0,4,0
31,31,7,0,0,4,0,4,0
12,12,6,0,0,2,0,4,0
19,19,7,0,0,3,0,2,0
18,18,6,0,0,3,0,2,0
5,5,7,0,0,1,0,1,0
5,5,7,0,0,1,0,1,0
7,6,7,0,0,2,0,2,0
17,17,7,0,0,3,0,2,0
5,5,7,0,0,1,0,1,0
5,5,3,0,0,1,0,1,0
7,7,7,0,0,1,0,1,0
5,5,7,0,0,1,0,1,0
5,5,7,0,0,1,0,1,0
118,13,7,0,0,2,0,2,0
7,6,7,0,0,2,0,2,0
6,5,7,0,0,2,0,2,0
8,7,7,0,0,2,0,2,0
7,6,7,0,0,2,0,2,0
4,4,7,0,0,1,0,1,0
6,5,7,0,0,2,0,2,0
6,6,7,0,0,1,0,1,0
5,5,7,0,0,1,0,1,0
11,7,4,0,1,1,0,1,0
5,5,7,0,0,1,0,1,0
8,8,6,0,0,1,0,1,0
31,31,7,0,0,4,0,4,0
5,5,7,0,0,1,0,1,0
3,3,6,0,0,1,0,1,0
5,5,7,0,0,1,0,1,0
7,7,7,0,0,1,0,1,0
27,12,7,0,0,2,0,2,0
6,6,5,0,0,1,0,1,0
6,5,7,0,0,2,0,2,0
8,8,7,0,0,1,0,1,0
5,5,7,0,0,1,0,1,0
1,0,1,1,1,1,0,1,0
6,5,7,0,0,2,0,2,0
7,6,7,0,0,2,0,2,0
6,5,7,0,0,2,0,2,0
32,7,7,0,0,4,1,8,0
6,6,7,0,0,1,0,1,0
7,7,2,0,1,1,0,1,0
6,6,7,0,0,1,0,1,0
6,5,7,0,0,2,0,2,0
6,5,7,0,0,2,0,2,0
6,6,7,0,0,1,0,1,0
5,5,7,0,0,1,0,1,0
6,5,4,0,0,1,0,1,0
5,5,6,0,0,1,0,1,0
5,5,4,0,0,1,0,1,0
6,5,6,0,0,2,0,2,0
3,3,7,0,0,1,0,1,0
19,19,7,0,0,3,0,2,0
15,14,7,0,0,2,0,2,0
8,8,7,0,0,1,0,1,0
1,0,1,0,1,1,0,1,0
7,7,7,0,0,1,0,1,0
8,8,6,0,0,1,0,1,0
6,5,7,0,0,2,0,2,0
20,19,7,0,0,4,0,3,0
6,6,7,0,0,1,0,1,0
5,5,7,0,0,1,0,1,0
5,5,7,0,0,1,0,1,0
1,0,1,1,1,1,0,1,0
16,16,3,0,0,2,0,1,0
6,6,7,0,0,1,0,1,0
19,13,7,6,0,2,0,3,0
5,5,7,0,0,1,0,1,0
35,6,6,28,0,4,0,4,0
6,6,7,0,0,1,0,1,0
5,5,7,0,0,1,0,1,0
5,5,7,0,0,1,0,1,0
13,5,7,8,0,3,0,2,0
6,5,7,0,0,2,0,2,0
27,13,7,0,0,2,0,2,0
5,5,7,0,0,1,0,1,0
7,7,7,0,0,1,0,1,0
5,5,6,0,0,1,0,1,0
6,6,7,0,0,1,0,1,0
5,5,7,0,0,1,0,1,0
21,6,7,0,0,4,1,4,0
5,5,7,0,0,1,0,1,0
6,5,7,0,0,2,0,2,0
269,230,7,0,0,22,0,5,0
8,7,7,0,0,2,1,2,0
3,0,2,3,1,3,0,1,0
23,23,7,0,0,2,0,2,0
1,1,6,0,0,1,0,1,0
1,0,1,1,1,1,0,1,0
5,5,7,0,0,1,0,1,0
6,5,7,0,0,2,0,2,0
13,12,7,0,0,2,0,3,0
4,4,7,0,0,1,0,1,0
9,8,7,0,0,2,0,2,0
6,6,7,0,0,1,0,1,0
5,5,7,0,0,1,0,1,0
5,5,7,0,0,1,0,1,0
6,6,7,0,0,1,0,1,0
327,61,2,0,0,42,1,2,0
6,6,7,0,0,1,0,1,0
7,6,7,0,0,2,0,2,0
6,5,7,0,0,2,0,2,0
5,5,3,0,0,1,0,1,0
6,5,7,0,0,2,0,2,0
6,5,7,0,0,2,0,2,0
15,15,7,0,0,3,0,4,0
6,5,7,0,0,2,0,2,0
16,8,2,0,1,1,0,1,0
25,25,4,0,0,2,0,2,0
5,5,7,0,0,1,0,1,0
6,6,7,0,0,1,0,1,0
7,7,2,0,1,1,0,1,0
5,5,7,0,0,1,0,1,0
5,5,7,0,0,1,0,1,0
18,18,7,0,0,3,0,4,0
7,7,7,0,0,1,0,1,0
5,5,7,0,0,1,0,1,0
5,5,7,0,0,1,0,1,0
7,7,6,0,0,1,0,1,0
8,8,6,0,0,1,0,1,0
7,6,7,0,0,2,0,2,0
17,17,6,0,0,3,0,4,0
5,5,7,0,0,1,0,1,0
6,6,7,0,0,1,0,1,0
7,0,2,7,1,6,0,2,0
5,5,7,0,0,1,0,1,0
26,12,7,0,0,2,0,2,0
6,6,7,0,0,1,0,1,0
5,5,7,0,0,1,0,1,0
7,6,6,1,0,2,0,2,0
5,5,7,0,0,1,0,1,0
5,5,7,0,0,1,0,1,0
6,6,5,0,0,1,0,1,0
29,14,7,0,0,2,0,2,0
7,6,7,0,0,2,0,2,0
5,5,7,0,0,1,0,1,0
5,5,7,0,0,1,0,1,0
5,5,7,0,0,1,0,1,0
8,2,1,6,1,8,0,1,0
2,0,2,0,1,1,0,1,0
1,0,1,1,1,1,0,1,0
118,13,7,0,0,2,0,2,0
6,5,7,0,0,2,0,2,0
5,5,7,0,0,1,0,1,0
5,5,7,0,0,1,0,1,0
5,5,7,0,0,1,0,1,0
6,6,7,0,0,1,0,1,0
6,5,7,0,0,2,0,2,0
8,7,6,0,1,1,0,1,0
5,5,7,0,0,1,0,1,0
8,7,7,0,0,2,0,2,0
5,5,3,0,0,1,0,1,0
5,5,7,0,0,1,0,1,0
26,25,7,0,0,4,0,4,0
8,6,6,0,1,1,0,1,0
6,5,7,0,0,2,0,2,0
27,7,7,0,0,4,1,3,0
14,14,2,0,1,2,0,1,0
5,5,7,0,0,1,0,1,0
29,14,7,0,0,2,0,2,0
5,5,7,0,0,1,0,1,0
6,6,7,0,0,1,0,1,0
7,7,7,0,0,1,0,1,0
6,5,7,0,0,2,0,2,0
22,22,7,0,0,2,0,2,0
5,5,7,0,0,1,0,1,0
69,68,7,0,0,5,0,5,0
6,5,7,0,0,2,0,2,0
39,6,7,0,0,5,1,7,0
5,5,7,0,0,1,0,1,0
6,5,7,0,0,2,0,2,0
27,12,7,0,0,2,0,3,0
1,0,1,0,1,1,0,1,0
7,7,6,0,0,1,0,1,0
5,5,7,0,0,1,0,1,0
6,6,7,0,0,1,0,1,0
38,38,7,0,0,5,0,4,0
34,34,7,0,0,5,0,4,0
6,6,7,0,0,1,0,1,0
6,6,7,0,0,1,0,1,0
12,12,7,0,0,2,0,1,0
5,5,7,0,0,1,0,1,0
7,6,7,0,0,2,0,2,0
6,6,7,0,0,1,0,1,0
7,6,7,0,0,2,0,2,0
10,10,6,0,0,1,0,2,0
6,5,7,0,0,2,0,2,0
14,14,7,0,0,2,0,1,0
29,14,7,0,0,2,1,2,0
7,7,7,0,0,1,0,1,0
57,57,7,0,0,6,0,4,0
84,0,7,0,0,2,0,1,0
28,13,7,0,0,2,0,2,0
24,24,6,0,0,3,0,4,0
4,4,6,0,0,2,0,2,0
5,5,7,0,0,1,0,1,0
86,56,7,0,0,6,0,2,0
6,6,7,0,0,1,0,1,0
58,58,7,0,0,6,0,4,0
6,5,7,0,0,2,0,2,0
5,5,7,0,0,1,0,1,0
5,5,7,0,0,1,0,1,0
7,6,4,0,0,2,0,2,0
13,13,7,0,0,1,0,2,0
8,0,1,8,1,1,0,1,0
75,71,7,0,0,8,0,4,0
5,5,7,0,0,1,0,1,0
5,5,7,0,0,1,0,1,0
29,14,7,0,0,2,0,2,0
6,6,7,0,0,1,0,1,0
7,7,7,0,0,1,0,1,0
6,6,7,0,0,1,0,1,0
5,5,7,0,0,1,0,1,0
5,5,7,0,0,1,0,1,0
8,7,2,0,1,1,0,1,0
74,68,7,0,0,7,0,4,0
22,6,7,16,0,3,0,3,0
15,15,7,0,0,2,0,1,0
4,4,7,0,0,2,0,1,0
6,6,7,0,0,1,0,1,0
4,4,5,0,0,2,0,1,0
7,6,7,0,0,2,0,2,0
22,22,7,0,0,2,0,2,0
7,7,7,0,0,1,0,1,0
5,5,7,0,0,1,0,1,0
3,0,2,3,1,3,0,1,0
5,5,7,0,0,1,0,1,0
6,5,6,0,0,2,0,2,0
7,6,7,0,0,1,0,1,0
73,73,7,0,0,4,0,4,0
3,0,6,0,1,1,0,1,0
5,5,7,0,0,1,0,1,0
7,7,3,0,0,1,0,1,0
170,112,7,0,0,22,0,6,0
28,13,7,0,0,2,0,2,0
7,6,7,0,0,2,0,2,0
1,0,2,1,1,1,0,1,0
5,5,3,0,0,1,0,1,0
6,5,7,0,0,2,0,2,0
7,7,7,0,0,1,0,1,0
8,7,2,0,1,1,0,1,0
28,13,7,0,0,2,0,2,0
20,20,7,0,0,3,0,2,0
5,5,7,0,0,1,0,1,0
7,7,7,0,0,1,0,1,0
1,0,1,1,1,1,0,1,0
5,5,7,0,0,1,0,1,0
1383,60,6,0,0,3,0,5,0
5,5,7,0,0,1,0,1,0
119,14,7,0,0,2,0,2,0
12,12,7,0,0,1,0,2,0
5,5,7,0,0,1,0,1,0
5,5,7,0,0,1,0,1,0
5,5,7,0,0,1,0,1,0
5,5,5,0,0,1,0,1,0
34,6,6,28,0,3,0,3,0
6,0,1,6,1,6,0,1,0
1,0,2,1,1,1,0,1,0
12,12,7,0,0,1,0,2,0
8,8,4,0,0,1,0,1,0
5,5,7,0,0,1,0,1,0
34,33,7,0,0,5,0,5,0
6,6,7,0,0,1,0,1,0
70,65,7,0,0,7,0,4,0
5,5,7,0,0,1,0,1,0
85,77,5,0,0,9,0,3,0
36,36,6,0,0,3,0,4,0
5,5,7,0,0,1,0,1,0
8,8,7,0,0,1,0,1,0
1,0,1,1,1,1,0,1,0
5,5,7,0,0,1,0,1,0
10,10,7,0,0,1,0,2,0
6,5,2,0,0,2,0,2,0
4,4,7,0,0,2,0,1,0
32,32,7,0,0,4,0,4,0
1,0,1,1,1,1,0,1,0
11,6,7,4,0,4,0,3,0
1,1,7,0,0,1,0,1,0
6,5,7,0,0,2,0,2,0
7,7,7,0,0,1,0,1,0
7,6,4,0,0,2,0,2,0
29,14,7,0,0,2,0,2,0
222,18,7,0,0,5,0,5,0
7,6,7,0,0,2,0,2,0
83,75,7,0,0,8,0,5,0
7,7,7,0,0,1,0,1,0
10,10,7,0,0,1,0,2,0
5,5,7,0,0,1,0,1,0
12,12,7,0,0,1,0,2,0
151,105,7,0,0,7,0,4,0
5,5,7,0,0,1,0,1,0
8,8,7,0,0,1,0,1,0
25,11,7,0,0,3,0,4,0
33,26,7,0,0,4,0,2,0
6,6,5,0,0,1,0,1,0
7,6,7,0,0,2,0,2,0
7,6,7,0,0,2,0,2,0
6,6,7,0,0,1,0,1,0
5,4,7,0,0,2,0,2,0
51,16,7,0,0,3,1,28,0
16,16,7,0,0,2,0,1,0
6,5,7,0,0,2,0,2,0
5,5,7,0,0,1,0,1,0
20,14,6,0,0,1,0,1,0
5,5,7,0,0,1,0,1,0
1,1,6,0,0,1,0,1,0
5,5,7,0,0,1,0,1,0
6,6,7,0,0,1,0,1,0
6,6,7,0,0,1,0,1,0
1,1,7,0,0,1,0,1,0
1,0,1,1,1,1,0,1,0
6,6,7,0,0,1,0,1,0
6,6,7,0,0,2,0,1,0
594,83,2,0,0,72,1,4,0
5,5,7,0,0,1,0,1,0
5,5,7,0,0,1,0,1,0
5,5,7,0,0,1,0,1,0
5,5,7,0,0,1,0,1,0
5,0,2,5,1,5,0,1,0
8,8,1,0,1,1,0,1,0
7,7,6,0,0,1,0,1,0
8,5,7,0,0,2,0,2,0
89,80,5,0,0,10,0,3,0
7,7,5,0,1,1,0,1,0
5,5,7,0,0,1,0,1,0
6,5,7,0,0,2,0,2,0
7,6,7,0,0,2,0,2,0
2,2,6,0,0,2,0,1,0
6,6,7,0,0,1,0,1,0
1,1,6,0,0,1,0,1,0
8,8,7,0,0,1,0,1,0
6,6,3,0,0,1,0,1,0
38,38,7,0,0,5,0,4,0
7,6,7,0,0,2,0,2,0
26,18,7,4,0,6,0,6,0
5,5,5,0,0,1,0,1,0
8,5,6,3,0,2,0,2,0
5,5,7,0,0,1,0,1,0
6,6,7,0,0,1,0,1,0
11,11,7,0,0,2,0,2,0
5,5,5,0,0,1,0,1,0
14,14,7,0,0,2,0,1,0
35,20,7,0,0,3,0,3,0
7,6,6,0,0,2,0,2,0
7,6,7,0,0,2,0,2,0
13,13,6,0,0,2,0,2,0
6,5,5,0,0,2,0,2,0
10,10,7,0,0,1,0,1,0
5,5,7,0,0,1,0,1,0
6,5,7,0,0,2,0,2,0
30,30,7,0,0,3,0,3,0
19,19,7,0,0,2,0,2,0
6,5,7,0,0,2,0,2,0
15,15,7,0,0,2,0,1,0
2,1,5,0,0,1,0,1,0
4,4,7,0,0,1,0,1,0
175,175,7,0,0,6,0,7,0
10,10,7,0,0,1,0,2,0
6,5,7,0,0,2,0,2,0
7,6,7,0,0,1,0,1,0
6,6,7,0,0,1,0,1,0
1,1,1,0,0,1,0,1,0
6,5,7,0,0,2,0,2,0
2,0,2,0,1,1,0,1,0
6,5,5,0,0,2,0,2,0
6,6,7,0,0,1,0,1,0
6,6,3,0,0,1,0,1,0
3,3,6,0,0,1,0,2,0
5,5,7,0,0,1,0,1,0
5,5,7,0,0,1,0,1,0
5,5,7,0,0,1,0,1,0
2,2,7,0,0,1,0,2,0
6,6,7,0,0,1,0,1,0
6,6,7,0,0,1,0,1,0
5,5,7,0,0,1,0,1,0
24,11,7,0,0,3,0,4,0
4,4,1,0,0,1,0,1,0
5,5,7,0,0,1,0,1,0
6,6,6,0,0,1,0,1,0
34,6,4,28,0,3,0,3,0
2,1,4,0,0,1,0,1,0
7,7,6,0,0,1,0,1,0
5,5,7,0,0,1,0,1,0
3,2,1,0,1,1,0,1,0
5,5,7,0,0,1,0,1,0
2,2,6,0,0,1,0,2,0
4,4,7,0,0,2,0,1,0
1,0,1,0,1,1,0,1,0
5,5,7,0,0,1,0,1,0
5,5,7,0,0,1,0,1,0
6,6,7,0,0,1,0,1,0
7,0,2,7,1,6,0,1,0
5,5,7,0,0,1,0,1,0
118,13,7,0,0,2,0,2,0
7,0,2,7,1,5,0,3,0
110,95,7,0,0,13,0,6,0
5,5,7,0,0,1,0,1,0
6,6,1,0,0,1,0,1,0
6,5,7,0,0,2,0,2,0
1,0,1,1,1,1,0,1,0
6,6,7,0,0,1,0,1,0
7,7,7,0,0,1,0,1,0
6,5,7,0,0,2,0,2,0
83,77,7,0,0,11,0,6,0
6,6,7,0,0,1,0,1,0
16,16,6,0,0,3,0,2,0
46,11,7,0,0,3,0,4,0
6,5,7,0,0,2,0,2,0
5,5,4,0,0,1,0,1,0
20,18,7,0,0,3,0,3,0
6,5,7,0,0,2,0,2,0
21,17,6,0,0,4,0,2,0
29,14,7,0,0,2,0,2,0
1,0,1,1,1,1,0,1,0
5,5,7,0,0,1,0,1,0
5,5,7,0,0,1,0,1,0
6,6,7,0,0,1,0,1,0
5,5,7,0,0,1,0,1,0
6,5,7,0,0,2,0,2,0
7,6,7,0,0,2,0,2,0
42,0,1,0,1,1,0,1,0
26,19,7,2,0,4,0,6,0
6,6,7,0,0,1,0,1,0
5,5,7,0,0,1,0,1,0
7,7,7,0,0,1,0,1,0
46,6,7,40,0,3,0,3,0
5,5,7,0,0,1,0,1,0
5,5,7,0,0,1,0,1,0
17,17,7,0,0,4,0,4,0
10,5,7,4,0,4,0,3,0
118,13,7,0,0,2,0,2,0
1,1,3,0,0,1,0,1,0
1,0,2,1,1,1,0,1,0
5,5,7,0,0,1,0,1,0
7,7,7,0,0,1,0,1,0
4,4,6,0,0,1,0,1,0
7,7,4,0,0,1,0,1,0
4,0,2,4,1,4,0,1,0
5,5,7,0,0,1,0,1,0
5,5,7,0,0,1,0,1,0
70,68,7,0,0,6,0,4,0
7,7,2,0,1,1,0,1,0
55,54,7,0,0,7,0,4,0
15,15,7,0,0,2,0,4,0
5,5,7,0,0,1,0,1,0
6,6,7,0,0,2,0,1,0
6,6,7,0,0,1,0,1,0
1,0,1,1,1,1,0,1,0
6,6,6,0,0,1,0,1,0
36,36,7,0,0,5,0,4,0
23,19,7,0,0,2,0,5,0
5,5,7,0,0,1,0,1,0
5,5,7,0,0,1,0,1,0
117,12,7,0,0,2,0,2,0
1,0,2,1,1,1,0,1,0
34,6,1,28,0,3,0,3,0
28,13,7,0,0,2,0,2,0
5,5,7,0,0,1,0,1,0
74,74,7,0,0,4,0,4,0
6,6,7,0,0,1,0,1,0
2,2,7,0,0,1,0,2,0
33,5,1,28,0,3,0,3,0
6,5,7,0,0,2,0,2,0
33,5,7,28,0,3,0,3,0
5,5,2,0,0,1,0,1,0
57,9,1,0,0,6,1,10,0
28,13,7,0,0,2,0,2,0
5,5,7,0,0,1,0,1,0
5,5,7,0,0,1,0,1,0
37,37,7,0,0,3,0,3,0
4,4,6,0,0,1,0,1,0
7,6,4,0,0,2,0,2,0
21,21,4,0,0,2,0,2,0
7,7,7,0,0,1,0,1,0
4,4,7,0,0,2,0,1,0
5,5,7,0,0,1,0,1,0
5,5,7,0,0,1,0,1,0
61,58,7,0,0,7,0,4,0
8,8,7,0,0,1,0,1,0
8,8,6,0,0,2,0,3,0
21,5,7,16,0,3,0,3,0
2,2,6,0,0,2,0,1,0
6,6,7,0,0,1,0,1,0
27,12,7,0,0,2,0,2,0
6,6,7,0,0,1,0,1,0
22,22,7,0,0,3,0,3,0
7,6,7,0,0,2,0,2,0
6,5,7,0,0,2,0,2,0
13,8,7,0,0,4,0,3,0
1,0,2,1,1,1,0,1,0
61,61,7,0,0,6,0,4,0
117,12,7,0,0,2,0,2,0
5,5,7,0,0,1,0,1,0
8,7,2,0,1,1,0,1,0
14,14,7,0,0,2,0,1,0
6,6,7,0,0,1,0,1,0
6,6,7,0,0,1,0,1,0
7,7,7,0,0,1,0,1,0
6,5,7,0,0,2,0,2,0
7,7,4,0,0,1,0,1,0
5,5,7,0,0,1,0,1,0
27,12,7,0,0,4,0,5,0
10,10,7,0,0,1,0,2,0
7,7,7,0,0,1,0,1,0
5,5,7,0,0,1,0,1,0
7,6,7,0,0,2,0,2,0
25,24,7,0,0,4,0,4,0
5,5,7,0,0,1,0,1,0
92,89,7,0,0,8,0,6,0
4,4,7,0,0,2,0,4,0
21,21,7,0,0,2,0,2,0
5,5,7,0,0,1,0,1,0
5,5,7,0,0,1,0,1,0
5,5,7,0,0,1,0,1,0
48,41,7,0,0,6,0,2,0
61,60,7,0,0,7,0,4,0
5,5,7,0,0,1,0,1,0
456,391,7,0,0,8,0,3,0
6,6,7,0,0,1,0,1,0
12,12,7,0,0,2,0,1,0
7,7,6,0,0,1,0,1,0
5,5,7,0,0,1,0,1,0
5,5,7,0,0,1,0,1,0
6,6,7,0,0,1,0,1,0
6,5,7,0,0,2,0,2,0
21,21,7,0,0,2,0,2,0
74,74,7,0,0,4,0,4,0
7,7,7,0,0,1,0,1,0
59,57,7,0,0,7,0,4,0
6,6,7,0,0,1,0,1,0
32,32,7,0,0,4,0,4,0
5,5,6,0,0,1,0,1,0
13,13,6,0,0,2,0,4,0
6,5,7,0,0,2,0,2,0
7,6,7,0,0,2,0,2,0
6,6,7,0,0,1,0,1,0
6,6,7,0,0,1,0,1,0
6,6,5,0,0,1,0,1,0
6,6,7,0,0,1,0,1,0
5,5,7,0,0,1,0,1,0
7,7,2,0,1,1,0,1,0
6,5,7,0,0,2,0,2,0
6,5,7,0,0,2,0,2,0
5,5,7,0,0,1,0,1,0
7,6,7,0,0,2,0,2,0
69,69,7,0,0,4,0,4,0
6,5,7,0,0,2,0,2,0
12,12,7,0,0,2,0,2,0
5,5,7,0,0,1,0,1,0
58,57,7,0,0,7,0,4,0
27,12,7,0,0,2,0,2,0
7,6,7,0,0,2,0,2,0
12,12,7,0,0,2,0,4,0
5,5,7,0,0,1,0,1,0
14,14,7,0,0,2,0,1,0
6,5,7,0,0,2,0,2,0
12,12,1,0,1,2,0,1,0
5,5,7,0,0,1,0,1,0
11,11,7,0,0,1,0,2,0
8,7,7,0,0,2,0,2,0
6,6,5,0,0,1,0,1,0
22,15,7,6,0,4,0,3,0
6,6,7,0,0,1,0,1,0
5,5,7,0,0,1,0,1,0
5,5,7,0,0,1,0,1,0
7,7,2,0,1,1,0,1,0
5,5,5,0,0,1,0,1,0
30,30,7,0,0,4,0,4,0
7,6,7,0,0,2,0,2,0
20,6,7,0,0,3,1,8,0
6,5,7,0,0,2,0,2,0
5,5,7,0,0,1,0,1,0
1,0,1,1,1,1,0,1,0
5,5,7,0,0,1,0,1,0
5,5,7,0,0,1,0,1,0
5,5,7,0,0,1,0,1,0
6,5,7,0,0,2,0,2,0
8,8,7,0,0,2,0,1,0
68,64,7,0,0,8,0,5,0
6,5,7,0,0,2,0,2,0
2,2,6,0,0,1,0,2,0
7,6,7,0,0,2,0,2,0
8,8,7,0,0,1,0,1,0
5,5,7,0,0,1,0,1,0
5,5,7,0,0,1,0,1,0
6,6,3,0,0,1,0,1,0
5,5,7,0,0,1,0,1,0
1,1,7,0,0,1,0,1,0
19,17,7,0,0,3,0,3,0
5,5,7,0,0,1,0,1,0
6,5,7,0,0,2,0,2,0
5,5,7,0,0,1,0,1,0
5,5,7,0,0,1,0,1,0
117,12,7,0,0,2,0,2,0
5,5,7,0,0,1,0,1,0
6,6,7,0,0,1,0,1,0
5,5,7,0,0,1,0,1,0
28,19,7,3,0,6,0,7,0
5,5,7,0,0,1,0,1,0
7,7,4,0,0,1,0,1,0
28,11,7,0,0,3,0,4,0
4,3,2,0,0,2,0,2,0
7,7,7,0,0,1,0,1,0
26,6,7,20,0,3,0,3,0
5,5,7,0,0,1,0,1,0
5,5,7,0,0,1,0,1,0
1,1,6,0,0,1,0,1,0
13,13,7,0,0,1,0,2,0
7,6,7,0,0,2,0,2,0
15,15,7,0,0,2,0,1,0
12,12,7,0,0,2,0,4,0
7,7,6,0,0,1,0,1,0
2,2,7,0,0,2,0,1,0
7,7,7,0,0,1,0,1,0
5,5,6,0,0,1,0,1,0
8,8,1,0,1,1,0,1,0
7,6,7,0,0,2,0,2,0
5,5,7,0,0,1,0,1,0
1943,1828,7,93,0,79,1,3,0
819,725,7,75,0,76,1,3,0
6,6,7,0,0,1,0,1,0
5,5,7,0,0,1,0,1,0
17,17,6,0,0,3,0,2,0
2,2,6,0,0,2,0,1,0
6,6,7,0,0,1,0,1,0
5,5,3,0,0,1,0,1,0
6,6,7,0,0,1,0,1,0
7,7,7,0,0,1,0,1,0
60,59,7,0,0,7,0,4,0
7,7,7,0,0,1,0,1,0
5,5,7,0,0,1,0,1,0
5,5,7,0,0,1,0,1,0
15,14,7,0,0,2,0,2,0
28,6,7,0,0,4,1,4,0
21,21,7,0,0,3,0,2,0
110,22,7,0,0,3,1,22,0
1,1,6,0,0,1,0,1,0
2,1,2,0,1,1,0,1,0
2,0,2,2,1,2,0,1,0
7,6,6,0,0,2,0,2,0
2,2,6,0,0,2,0,1,0
5,5,7,0,0,1,0,1,0
5,5,7,0,0,1,0,1,0
8,7,7,0,0,2,0,2,0
5,5,7,0,0,1,0,1,0
7,7,2,0,1,1,0,1,0
63,6,1,56,0,4,0,4,0
5,5,7,0,0,1,0,1,0
6,5,7,0,0,2,0,2,0
5,5,7,0,0,1,0,1,0
5,5,7,0,0,1,0,1,0
6,5,7,0,0,2,0,2,0
6,5,7,0,0,2,0,2,0
6,6,7,0,0,1,0,1,0
7,6,7,0,0,2,0,2,0
6,6,2,0,0,1,0,1,0
5,5,7,0,0,1,0,1,0
2,2,6,0,0,1,0,1,0
168,118,1,0,0,16,0,2,1
97,65,1,0,0,16,0,5,1
199,159,1,0,0,20,0,2,1
83,67,1,0,0,17,0,3,1
86,86,1,0,0,8,0,7,2
370,44,1,2,0,10,0,11,2
149,19,1,0,0,9,0,9,2
235,40,1,6,0,11,0,10,2
91,14,1,0,0,8,0,8,2
189,95,1,0,0,9,0,8,2
215,24,1,0,0,8,0,10,2
170,90,1,2,0,9,0,9,2
66,31,1,0,0,24,0,8,2
941,454,1,24,0,108,0,14,2
424,185,1,17,0,86,0,12,2
82,33,1,6,0,29,0,8,2
1094,450,1,105,0,124,0,13,2
459,210,1,8,0,75,0,12,2
225,21,1,121,0,8,0,10,2
218,19,1,122,0,6,0,7,2
53,9,1,0,0,5,0,7,2
81,81,1,0,0,37,0,1,1
1109,1088,1,15,0,41,0,3,1
487,480,1,5,0,40,0,3,1
186,22,1,0,0,11,0,7,2
98,10,1,0,0,11,0,9,2
169,9,1,122,0,5,0,7,2
247,143,1,8,0,12,0,10,2
108,66,1,2,0,12,0,9,2
282,148,1,8,0,13,0,10,2
101,60,1,2,0,12,0,9,2
218,115,1,6,0,14,0,9,2
121,56,1,2,0,12,0,9,2
522,65,1,0,0,10,0,9,2
226,37,1,0,0,10,0,8,2
63,11,1,42,0,7,0,16,2
810,137,1,545,0,9,0,22,2
356,57,1,245,0,9,0,22,2
216,62,1,25,0,6,0,7,2
110,30,1,25,0,6,0,7,2
243,74,1,40,0,6,0,8,2
97,31,1,10,0,6,0,8,2
221,39,1,0,0,10,0,10,2
129,15,1,6,0,13,0,11,2
187,34,1,0,0,7,0,9,2
121,15,1,0,0,8,0,11,2
41,33,1,0,0,6,0,7,2
71,3,1,0,0,4,0,7,2
113,109,1,0,0,16,0,4,1
45,45,1,0,0,15,0,2,1
243,195,1,0,0,25,0,9,2
98,79,1,0,0,24,0,9,2
227,159,1,6,0,25,0,12,2
93,71,1,0,0,23,0,6,1
164,43,1,54,0,8,0,8,2
73,23,1,22,0,8,0,8,2
175,32,1,126,0,8,0,8,2
71,10,1,54,0,7,0,7,2
24,0,2,24,1,8,0,1,1
24,0,2,24,1,8,0,1,1
24,0,2,24,1,8,0,1,1
24,0,2,24,1,8,0,1,1
24,0,2,24,1,8,0,1,1
24,0,2,24,1,8,0,1,1
24,0,2,24,1,8,0,1,1
24,0,2,24,1,8,0,1,1
24,0,2,24,1,8,0,1,1
24,0,2,24,1,8,0,1,1
24,0,2,24,1,8,0,1,1
32,0,2,32,1,8,0,1,1
26,0,2,26,1,8,0,1,1
32,0,2,32,1,8,0,1,1
32,0,2,32,1,8,0,1,1
32,0,2,32,1,8,0,1,1
27,0,2,27,1,8,0,1,1
32,0,2,32,1,8,0,1,1
32,0,2,32,1,8,0,1,1
30,0,2,30,1,8,0,1,1
32,0,2,32,1,8,0,1,1
32,0,2,32,1,8,0,1,1
32,0,2,32,1,8,0,1,1
32,0,2,32,1,8,0,1,1
32,0,2,32,1,8,0,1,1
32,0,2,32,1,8,0,1,1
31,0,2,31,1,8,0,1,1
32,0,2,32,1,8,0,1,1
32,0,2,32,1,8,0,1,1
32,0,2,32,1,8,0,1,1
32,0,2,32,1,8,0,1,1
32,0,2,32,1,8,0,1,1
28,0,2,28,1,8,0,1,1
32,0,2,32,1,8,0,1,1
32,0,2,32,1,8,0,1,1
26,0,2,26,1,8,0,1,1
32,0,2,32,1,8,0,1,1
32,0,2,32,1,8,0,1,1
32,0,2,32,1,8,0,1,1
30,0,2,30,1,8,0,1,1
28,0,2,28,1,8,0,1,1
28,0,2,28,1,8,0,1,1
28,0,2,28,1,8,0,1,1
32,0,2,32,1,8,0,1,1
32,0,2,32,1,8,0,1,1
49,0,1,0,1,5,0,2,1
24,0,1,24,1,8,0,3,1
56,0,1,0,1,5,0,2,1
71,0,1,0,1,5,0,2,1
94,0,1,0,1,5,0,2,1
50,50,1,0,1,1,0,7,2
49,49,1,0,1,1,0,7,2
52,0,1,0,1,5,0,2,1
110,0,1,0,1,5,0,2,1
115,0,1,0,1,6,0,2,1
40,0,1,0,1,5,0,2,1
29,0,1,0,1,5,0,1,1
43,0,1,0,1,5,0,2,1
29,0,1,0,1,5,0,2,1
36,0,1,0,1,5,0,2,1
43,0,1,0,1,5,0,2,1
5,5,7,0,0,1,0,1,0
9,8,1,0,1,1,0,1,0
21,5,1,16,0,3,0,3,0
27,23,7,0,0,5,0,2,0
18,18,6,0,0,3,0,2,0
96,0,7,0,0,2,0,1,0
5,5,7,0,0,1,0,1,0
6,6,7,0,0,2,0,1,0
6,5,3,0,0,2,0,2,0
8,7,7,0,0,2,0,2,0
5,5,7,0,0,1,0,1,0
17,17,7,0,0,3,0,2,0
6,5,4,0,0,2,0,2,0
6,5,7,0,0,2,0,2,0
5,5,7,0,0,1,0,1,0
43,40,7,0,0,6,0,5,0
6,5,7,0,0,2,0,2,0
8,5,7,0,0,2,0,2,0
7,7,7,0,0,1,0,1,0
7,6,7,0,0,2,0,2,0
8,7,2,0,1,1,0,1,0
7,7,7,0,0,1,0,1,0
6,6,7,0,0,1,0,1,0
5,5,7,0,0,1,0,1,0
58,57,7,0,0,7,0,4,0
7,7,4,0,0,1,0,1,0
163,13,1,0,0,26,1,4,0
7,7,5,0,1,1,0,1,0
7,6,6,0,0,2,0,2,0
18,12,7,6,0,7,0,3,0
5,5,7,0,0,1,0,1,0
6,6,7,0,0,1,0,1,0
6,6,7,0,0,1,0,1,0
167,16,7,0,0,3,1,146,0
5,5,7,0,0,1,0,1,0
5,5,4,0,0,1,0,1,0
5,5,7,0,0,1,0,1,0
6,5,7,0,0,2,0,2,0
6,5,7,0,0,2,0,2,0
6,5,7,0,0,2,0,2,0
16,16,7,0,0,3,0,2,0
23,23,4,0,0,2,0,2,0
5,5,7,0,0,1,0,1,0
6,6,7,0,0,1,0,1,0
3,3,1,0,0,1,0,1,0
3,0,2,3,1,3,0,1,0
24,24,7,0,0,3,0,3,0
27,26,7,0,0,4,0,4,0
36,35,7,0,0,5,0,5,0
6,6,7,0,0,1,0,1,0
18,17,7,0,0,2,0,3,0
5,5,1,0,0,1,0,1,0
6,5,7,0,0,2,0,2,0
8,8,6,0,0,2,0,3,0
17,17,7,0,0,3,0,2,0
7,6,7,0,0,2,0,2,0
34,33,7,0,0,4,0,4,0
8,7,7,0,0,2,0,2,0
6,5,7,0,0,2,0,2,0
38,6,4,32,0,3,0,3,0
12,12,7,0,0,2,0,2,0
6,6,7,0,0,1,0,1,0
56,56,7,0,0,5,0,4,0
6,5,7,0,0,2,0,2,0
6,5,7,0,0,2,0,2,0
8,7,1,0,0,2,0,2,0
2,0,1,2,1,2,0,1,0
5,5,7,0,0,1,0,1,0
16,15,7,0,0,3,0,3,0
1,1,6,0,0,1,0,1,0
5,5,7,0,0,1,0,1,0
5,5,7,0,0,1,0,1,0
5,5,7,0,0,1,0,1,0
10,10,7,0,0,2,0,1,0
3,3,7,0,0,1,0,2,0
1,0,2,0,1,1,0,1,0
5,5,7,0,0,1,0,1,0
3,0,1,3,1,3,0,1,0
6,6,7,0,0,1,0,1,0
14,14,1,0,1,2,0,1,0
6,6,7,0,0,1,0,1,0
59,58,7,0,0,7,0,5,0
6,5,7,0,0,2,0,2,0
7,7,7,0,0,1,0,1,0
71,70,7,0,0,5,0,5,0
14,13,7,0,0,3,0,3,0
5,5,7,0,0,1,0,1,0
6,6,7,0,0,1,0,1,0
1,0,2,0,1,1,0,1,0
7,7,7,0,0,1,0,1,0
45,38,7,0,0,5,0,2,0
11,11,7,0,0,1,0,2,0
7,6,7,0,0,2,0,2,0
5,5,7,0,0,1,0,1,0
7,6,7,0,0,2,0,2,0
5,5,7,0,0,1,0,1,0
1,1,7,0,0,1,0,1,0
5,5,7,0,0,1,0,1,0
6,5,7,0,0,2,0,2,0
12,12,7,0,0,1,0,2,0
1,0,1,1,1,1,0,1,0
8,8,6,0,0,1,0,1,0
16,13,7,3,0,3,0,2,0
88,57,7,0,0,6,0,2,0
5,5,7,0,0,1,0,1,0
22,6,7,0,0,4,1,4,0
6,5,5,0,0,2,0,2,0
14,14,6,0,0,3,0,4,0
22,22,7,0,0,2,0,2,0
7,7,7,0,0,1,0,1,0
7,7,1,0,1,1,0,1,0
5,5,7,0,0,1,0,1,0
5,5,3,0,0,1,0,1,0
8,8,5,0,1,1,0,1,0
6,6,7,0,0,1,0,1,0
62,60,7,0,0,8,0,5,0
7,7,7,0,0,1,1,1,0
45,5,3,40,0,3,0,3,0
1,0,1,0,1,1,0,1,0
6,5,7,0,0,2,0,2,0
84,0,7,0,0,2,0,1,0
7,6,2,0,0,2,0,2,0
6,6,7,0,0,1,0,1,0
5,5,6,0,0,1,0,1,0
1,0,3,1,1,1,0,1,0
8,8,7,0,0,1,0,1,0
6,6,7,0,0,2,0,1,0
5,5,7,0,0,1,0,1,0
21,5,7,16,0,3,0,3,0
5,5,7,0,0,1,0,1,0
7,7,7,0,0,1,0,1,0
8,7,7,0,0,2,0,2,0
5,5,7,0,0,1,0,1,0
5,5,7,0,0,1,0,1,0
7,7,7,0,0,1,0,1,0
5,5,7,0,0,1,0,1,0
104,82,7,0,0,9,0,5,0
8,6,7,0,0,2,0,2,0
6,5,7,0,0,2,0,2,0
6,5,7,0,0,2,0,2,0
29,14,7,0,0,2,0,2,0
6,5,7,0,0,2,0,2,0
7,6,7,0,0,2,0,2,0
6,5,7,0,0,2,0,2,0
6,6,7,0,0,1,0,1,0
5,5,7,0,0,1,0,1,0
7,7,7,0,0,1,0,1,0
5,5,7,0,0,1,0,1,0
2,2,5,0,0,2,0,1,0
6,5,7,0,0,2,0,2,0
83,75,5,0,0,9,0,3,0
8,8,7,0,0,1,0,1,0
7,7,6,0,0,1,0,1,0
6,6,7,0,0,1,0,1,0
11,10,7,0,0,2,0,3,0
6,6,1,0,1,1,0,1,0
5,5,6,0,0,1,0,1,0
20,20,7,0,0,3,0,2,0
5,5,7,0,0,1,0,1,0
1,0,1,1,1,1,0,1,0
6,5,7,0,0,2,0,2,0
5,5,7,0,0,1,0,1,0
5,5,7,0,0,1,0,1,0
5,5,7,0,0,1,0,1,0
6,6,7,0,0,1,0,1,0
6,6,7,0,0,1,0,1,0
45,44,7,0,0,7,0,5,0
5,5,7,0,0,1,0,1,0
6,6,5,0,0,1,0,1,0
98,0,7,0,0,2,0,1,0
5,5,7,0,0,1,0,1,0
6,6,7,0,0,1,0,1,0
1,0,1,0,0,1,0,1,0
124,90,7,0,0,13,0,5,0
3,3,1,0,1,1,0,1,0
5,5,7,0,0,1,0,1,0
6,5,5,0,0,2,0,2,0
6,5,7,0,0,2,0,2,0
92,85,7,0,0,7,0,5,0
5,5,7,0,0,1,0,1,0
7,7,5,0,1,1,0,1,0
45,6,7,0,0,2,0,2,0
38,6,7,32,0,3,0,3,0
3,3,7,0,0,2,0,3,0
7,6,1,0,0,2,0,2,0
22,22,7,0,0,2,0,2,0
5,5,7,0,0,1,0,1,0
7,7,1,0,1,1,0,1,0
5,5,7,0,0,1,0,1,0
1,0,1,1,1,1,0,1,0
12,12,7,0,0,2,0,1,0
8,7,2,0,1,1,0,1,0
6,6,7,0,0,1,0,1,0
34,5,3,28,0,4,0,4,0
7,6,7,0,0,2,0,2,0
8,8,7,0,0,1,0,1,0
5,5,7,0,0,1,0,1,0
37,37,7,0,0,5,0,4,0
5,5,6,0,0,1,0,1,0
6,5,7,0,0,2,0,2,0
18,12,7,6,0,2,0,3,0
22,22,7,0,0,2,0,2,0
7,7,5,0,1,1,0,1,0
7,7,2,0,1,1,0,1,0
6,6,7,0,0,1,0,1,0
7,7,1,0,1,1,0,1,0
6,6,6,0,0,1,0,1,0
7,7,7,0,0,1,0,1,0
6,6,7,0,0,1,0,1,0
14,12,7,2,0,3,0,3,0
16,15,7,0,0,2,0,2,0
34,6,7,0,0,3,0,2,0
5,5,4,0,0,1,0,1,0
32,6,7,0,0,3,0,2,0
6,6,7,0,0,1,0,1,0
5,5,7,0,0,1,0,1,0
10,10,7,0,0,1,0,2,0
1,0,1,1,1,1,0,1,0
6,6,7,0,0,1,0,1,0
14,14,7,0,0,2,0,1,0
1,0,1,1,1,1,0,1,0
5,5,7,0,0,1,0,1,0
40,33,7,0,0,6,0,3,0
25,25,7,0,0,3,0,3,0
1,0,2,0,1,1,0,1,0
7,7,7,0,0,1,0,1,0
19,19,7,0,0,2,0,2,0
5,5,7,0,0,1,0,1,0
9,9,7,0,0,1,0,2,0
6,6,7,0,0,1,0,1,0
986,0,7,986,0,1,0,1,0
7,6,7,0,0,2,0,2,0
3,3,1,0,0,1,0,1,0
5,5,5,0,0,1,0,1,0
7,7,2,0,1,1,0,1,0
6,6,7,0,0,1,0,1,0
2,2,6,0,0,1,0,1,0
8,8,7,0,0,1,0,1,0
6,5,7,0,0,2,0,2,0
5,5,7,0,0,1,0,1,0
20,0,1,20,1,1,0,1,0
22,0,1,10,1,2,0,3,0
62,61,7,0,0,8,0,4,0
8,8,6,0,0,1,0,1,0
34,6,7,0,0,3,0,2,0
5,5,7,0,0,1,0,1,0
6,5,7,0,0,2,0,2,0
7,6,7,0,0,2,0,2,0
6,5,7,0,0,2,0,2,0
6,5,7,0,0,2,0,2,0
7,7,7,0,0,1,0,1,0
30,30,7,0,0,4,0,4,0
21,5,7,16,0,3,0,3,0
18,12,7,5,0,7,0,4,0
102,21,7,0,0,4,1,17,0
6,5,7,0,0,2,0,2,0
7,7,4,0,1,1,0,1,0
5,5,3,0,0,1,0,1,0
4,0,2,4,1,2,0,2,0
6,6,7,0,0,1,0,1,0
6,5,7,0,0,2,0,2,0
5,5,7,0,0,1,0,1,0
1,0,1,1,1,1,0,1,0
28,13,7,0,0,2,0,2,0
6,5,7,0,0,2,0,2,0
26,6,1,20,0,3,0,3,0
5,5,7,0,0,1,0,1,0
27,12,7,0,0,2,0,2,0
130,114,7,0,0,13,0,5,0
7,6,7,0,0,2,0,2,0
6,6,7,0,0,1,0,1,0
5,5,7,0,0,1,0,1,0
21,5,7,16,0,3,0,3,0
7,7,5,0,0,1,0,1,0
1,0,1,1,1,1,0,1,0
28,13,7,0,0,2,0,2,0
5,5,7,0,0,1,0,1,0
5,5,7,0,0,1,0,1,0
7,7,7,0,0,1,0,1,0
14,0,1,14,0,1,0,2,0
5,5,7,0,0,1,0,1,0
5,5,7,0,0,1,0,1,0
8,8,6,0,0,2,0,1,0
12,12,7,0,0,1,0,2,0
12,6,1,0,0,2,0,2,0
1,1,7,0,0,1,0,1,0
7,7,4,0,0,1,0,1,0
6,6,7,0,0,1,0,1,0
6,5,7,0,0,2,0,2,0
25,25,7,0,0,3,0,3,0
5,5,7,0,0,1,0,1,0
5,5,7,0,0,1,0,1,0
7,6,7,0,0,2,0,2,0
5,0,1,0,1,1,0,1,0
5,5,7,0,0,1,0,1,0
5,5,7,0,0,1,0,1,0
5,5,7,0,0,1,0,1,0
6,5,7,0,0,2,0,2,0
986,0,7,986,0,1,0,1,0
7,7,5,0,0,1,0,1,0
14,14,7,0,0,2,0,2,0
29,14,7,0,0,2,0,2,0
8,8,7,0,0,1,0,1,0
1486,1378,7,87,0,79,1,3,0
5,5,7,0,0,1,0,1,0
6,6,7,0,0,1,0,1,0
6,6,7,0,0,1,0,1,0
7,6,7,0,0,2,0,2,0
6,5,7,0,0,2,0,2,0
8,8,7,0,0,1,0,1,0
64,63,7,0,0,8,0,4,0
8,7,6,0,1,1,0,1,0
5,5,3,0,0,1,0,1,0
6,6,7,0,0,1,0,1,0
6,6,7,0,0,1,0,1,0
6,5,7,0,0,2,0,2,0
46,39,7,0,0,8,0,2,0
36,36,7,0,0,5,0,4,0
5,5,7,0,0,1,0,1,0
21,5,7,16,0,3,0,3,0
29,14,7,0,0,2,0,2,0
6,6,7,0,0,1,0,1,0
6,6,7,0,0,1,0,1,0
7,5,1,0,1,1,0,1,0
7,7,4,0,0,1,0,2,0
6,6,7,0,0,1,0,1,0
25,19,7,2,0,4,0,6,0
1,0,3,0,0,1,0,1,0
5,5,7,0,0,1,0,1,0
14,13,7,1,0,2,0,3,0
5,5,7,0,0,1,0,1,0
29,14,7,0,0,2,0,2,0
6,6,4,0,0,1,0,1,0
140,134,7,0,0,10,0,7,0
6,6,7,0,0,1,0,1,0
2733,2582,7,123,0,79,1,3,0
5,5,7,0,0,1,0,1,0
6,6,7,0,0,1,0,1,0
12,12,7,0,0,2,0,1,0
6,5,7,0,0,2,0,2,0
18,14,7,4,0,5,0,3,0
6,6,7,0,0,1,0,1,0
5,5,7,0,0,1,0,1,0
12,12,7,0,0,1,0,2,0
8,8,7,0,0,1,0,1,0
8,8,4,0,1,1,0,1,0
5,5,7,0,0,1,0,1,0
5,5,7,0,0,1,0,1,0
5,5,7,0,0,1,0,1,0
6,6,7,0,0,1,0,1,0
6,6,7,0,0,1,0,1,0
5,5,7,0,0,1,0,1,0
21,20,7,0,0,4,0,3,0
5,5,7,0,0,1,0,1,0
6,6,7,0,0,1,0,1,0
5,5,7,0,0,1,0,1,0
6,5,7,0,0,2,0,2,0
5,5,4,0,0,1,0,1,0
7,5,7,0,0,2,0,2,0
7,7,7,0,0,1,0,1,0
28,13,7,0,0,2,0,3,0
156,112,7,0,0,12,0,6,0
2,2,7,0,0,2,0,1,0
9,3,2,0,1,1,0,1,0
14,14,7,0,0,2,0,1,0
22,22,7,0,0,2,0,2,0
5,5,7,0,0,1,0,1,0
10463,1103,2,0,0,1050,1,7,0
7,7,2,0,1,1,0,1,0
5,5,7,0,0,1,0,1,0
6,5,7,0,0,2,0,2,0
24,24,7,0,0,3,0,4,0
5,5,7,0,0,1,0,1,0
7,7,7,0,0,1,0,1,0
6,6,7,0,0,1,0,1,0
7,7,7,0,0,1,0,1,0
50,33,7,0,0,7,0,4,0
6,5,7,0,0,2,0,2,0
7,6,6,0,0,2,0,2,0
13,5,7,8,0,3,0,2,0
6,6,7,0,0,1,0,1,0
1,0,1,0,1,1,0,1,0
6,6,7,0,0,1,0,1,0
7,6,7,0,0,2,0,2,0
6,5,7,0,0,2,0,2,0
5,5,7,0,0,1,0,1,0
6,5,7,0,0,2,0,2,0
6,6,7,0,0,1,0,1,0
4,4,7,0,0,1,0,1,0
29,14,7,0,0,2,0,2,0
33,5,3,28,0,3,0,3,0
5,5,3,0,0,1,0,1,0
171,170,7,0,0,7,0,8,0
5,5,7,0,0,1,0,1,0
117,12,7,0,0,2,0,2,0
5048,908,7,0,0,17,0,5,0
5,5,7,0,0,1,0,1,0
5,5,7,0,0,1,0,1,0
5,5,7,0,0,1,0,1,0
6,5,7,0,0,2,0,2,0
7,6,7,0,0,2,0,2,0
5,5,7,0,0,1,0,1,0
5,5,7,0,0,1,0,1,0
13,12,7,0,0,2,0,3,0
63,62,7,0,0,8,0,4,0
6,6,7,0,0,1,0,1,0
11,11,7,0,0,1,0,2,0
5,5,7,0,0,1,0,1,0
5,5,7,0,0,1,0,1,0
6,6,7,0,0,1,0,1,0
13,12,7,0,0,3,0,3,0
34,5,7,28,0,4,0,4,0
5,5,7,0,0,1,0,1,0
6,6,7,0,0,1,0,1,0
9,7,2,0,1,1,0,1,0
5,5,7,0,0,1,0,1,0
5,1,1,0,0,2,0,2,0
12,12,7,0,0,2,0,4,0
71,71,7,0,0,4,0,4,0
14,14,7,0,0,2,0,1,0
10,10,6,0,0,1,0,2,0
5,5,7,0,0,1,0,1,0
101,21,7,0,0,3,1,16,0
7,6,7,0,0,2,0,2,0
5,5,7,0,0,1,0,1,0
6,5,7,0,0,2,0,2,0
2,2,7,0,0,1,0,1,0
28,13,7,0,0,2,0,2,0
6,6,7,0,0,1,0,1,0
5,5,7,0,0,1,0,1,0
5,5,7,0,0,1,0,1,0
15,15,7,0,0,3,0,4,0
1,0,1,1,1,1,0,1,0
32,6,7,0,0,3,0,2,0
5,5,7,0,0,1,0,1,0
11,11,7,0,0,2,0,2,0
5,5,7,0,0,1,0,1,0
5,5,7,0,0,1,0,1,0
19,17,7,0,0,3,0,3,0
12,12,7,0,0,1,0,2,0
5,5,7,0,0,1,0,1,0
988,0,7,988,0,1,0,1,0
5,5,7,0,0,1,0,1,0
3,3,7,0,0,2,0,3,0
6,6,7,0,0,1,0,1,0
32,6,7,0,0,4,1,7,0
1,1,6,0,0,1,0,1,0
1,0,1,1,1,1,0,1,0
5,5,7,0,0,1,0,1,0
6,6,7,0,0,1,0,1,0
5,5,7,0,0,1,0,1,0
1,1,7,0,0,1,0,1,0
5,5,7,0,0,1,0,1,0
6,6,7,0,0,1,0,1,0
3,0,2,3,1,1,0,2,0
6,6,5,0,0,1,0,1,0
7,6,7,0,0,2,0,2,0
6,6,7,0,0,1,0,1,0
5,5,7,0,0,1,0,1,0
5,5,2,0,0,1,0,1,0
6,6,7,0,0,1,0,1,0
6,5,7,0,0,2,0,2,0
21,5,7,16,0,3,0,3,0
5,5,7,0,0,1,0,1,0
6,6,7,0,0,1,0,1,0
7,6,7,0,0,2,0,2,0
55,55,7,0,0,6,0,4,0
34,6,7,0,0,3,0,2,0
6,5,7,0,0,2,0,2,0
30,11,7,0,0,3,0,4,0
1,0,2,1,1,1,0,1,0
6,5,7,0,0,2,0,2,0
7,6,6,0,0,2,0,2,0
7,6,6,0,0,2,0,2,0
13,12,7,0,0,2,0,3,0
1,1,6,0,0,1,0,1,0
8,8,7,0,0,1,0,1,0
7,7,7,0,0,1,0,1,0
6,6,7,0,0,1,0,1,0
7,7,7,0,0,1,0,1,0
118,13,7,0,0,2,0,2,0
5,5,7,0,0,1,0,1,0
6,5,7,0,0,2,0,2,0
32,31,7,0,0,5,0,5,0
5,5,5,0,0,1,0,1,0
8,8,4,0,1,1,0,1,0
5,5,7,0,0,1,0,1,0
75,74,7,0,0,5,0,5,0
7,7,7,0,0,1,0,1,0
5,5,7,0,0,1,0,1,0
7,7,7,0,0,1,0,1,0
8,7,7,0,0,2,0,2,0
6,5,3,0,0,2,0,2,0
6,6,5,0,0,1,0,1,0
5,5,7,0,0,1,0,1,0
32,11,7,0,0,3,0,4,0
7,7,7,0,1,1,0,1,0
5,5,7,0,0,1,0,1,0
5,5,7,0,0,1,0,1,0
2,0,1,2,1,2,0,1,0
5,5,5,0,0,1,0,1,0
5,5,7,0,0,1,0,1,0
5,5,7,0,0,1,0,1,0
16,15,7,0,0,2,0,2,0
5,5,7,0,0,1,0,1,0
5,5,7,0,0,1,0,1,0
6,6,2,0,0,1,0,1,0
5,5,7,0,0,1,0,1,0
5,5,1,0,0,1,0,1,0
6,6,7,0,0,1,0,2,0
6,6,7,0,0,1,0,1,0
4,4,7,0,0,2,0,1,0
98,86,7,0,0,9,0,5,0
28,13,7,0,0,2,0,2,0
10,10,7,0,0,1,0,2,0
4,2,2,0,1,1,0,1,0
5,5,7,0,0,1,0,1,0
6,6,7,0,0,1,0,1,0
19,19,7,0,0,3,0,2,0
13,13,7,0,0,2,0,2,0
5,5,7,0,0,1,0,1,0
6,6,7,0,0,1,0,1,0
118,13,7,0,0,2,0,2,0
22,6,4,16,0,3,0,3,0
5,5,7,0,0,1,0,1,0
34,6,7,0,0,3,0,2,0
2,1,2,0,1,1,0,1,0
485,1,1,484,0,3,0,3,0
50,36,7,0,0,14,0,5,0
33,5,6,28,0,3,0,3,0
6,5,7,0,0,2,0,2,0
8,8,7,0,0,2,0,1,0
42,6,2,0,1,1,0,1,0
5,5,7,0,0,1,0,1,0
459,22,7,0,0,3,1,372,0
6,6,7,0,0,1,0,1,0
1,0,1,1,1,1,0,1,0
27,12,7,0,0,2,0,2,0
5,5,7,0,0,1,0,1,0
5,5,7,0,0,1,0,1,0
1,1,6,0,0,1,0,1,0
6,5,7,0,0,2,0,2,0
5,5,7,0,0,1,0,1,0
6,6,6,0,0,1,0,1,0
7,7,6,0,0,1,0,1,0
6,6,7,0,0,1,0,1,0
4,0,2,4,1,4,0,1,0
7,6,3,0,0,2,0,2,0
6,6,7,0,0,1,0,1,0
6,6,7,0,0,1,0,1,0
7,6,7,0,0,2,0,2,0
8,7,5,0,0,2,0,2,0
7,6,3,0,0,2,0,2,0
3,3,6,0,0,1,0,1,0
6,5,7,0,0,2,0,2,0
20,17,6,0,0,4,0,2,0
13,13,7,0,0,1,0,2,0
5,5,7,0,0,1,0,1,0
5,5,7,0,0,1,0,1,0
6,6,7,0,0,1,0,1,0
14,14,7,0,0,2,0,1,0
7,7,7,0,0,1,0,1,0
59,58,7,0,0,6,0,4,0
58,58,7,0,0,6,0,4,0
5,5,7,0,0,1,0,1,0
7,7,7,0,0,1,0,1,0
6,6,7,0,0,1,0,1,0
7,6,7,0,0,2,0,2,0
353,266,7,0,0,6,0,3,0
21,21,7,0,0,2,0,2,0
1,0,2,1,1,1,0,1,0
6,5,6,0,0,2,0,2,0
6,6,7,0,0,1,0,1,0
6,5,7,0,0,2,0,2,0
5,5,7,0,0,1,0,1,0
5,5,7,0,0,1,0,1,0
5,5,7,0,0,1,0,1,0
5,5,7,0,0,1,0,1,0
6,6,7,0,0,1,0,1,0
6,6,7,0,0,1,0,1,0
6,6,7,0,0,1,0,1,0
20,15,7,0,0,2,0,2,0
1,0,2,1,1,1,0,1,0
5,5,7,0,0,1,0,1,0
6,5,7,0,0,2,0,2,0
6,5,7,0,0,2,0,2,0
5,5,7,0,0,1,0,1,0
2,2,1,0,0,1,0,1,0
29,14,7,0,0,2,0,2,0
6,6,7,0,0,1,0,1,0
25,7,7,0,0,2,1,6,0
7,6,7,0,0,2,0,2,0
6,6,7,0,0,1,0,1,0
6,6,7,0,0,1,0,1,0
21,5,7,16,0,3,0,3,0
8,7,2,0,1,1,0,1,0
13,13,6,0,0,2,0,4,0
32,32,7,0,0,4,0,4,0
7,7,7,0,0,1,0,1,0
18,5,1,0,1,1,0,1,0
114,21,7,0,0,3,1,29,0
6,6,7,0,0,1,0,1,0
6,5,7,0,0,2,0,2,0
7,6,7,0,0,2,0,2,0
5,5,7,0,0,1,0,1,0
7,6,7,0,0,2,0,2,0
7,7,6,0,0,1,0,1,0
6,5,5,0,0,2,0,2,0
29,14,7,0,0,2,0,2,0
5,4,1,0,1,1,0,3,0
7,6,7,0,0,2,0,2,0
5,5,7,0,0,1,0,1,0
25,25,6,0,0,3,0,3,0
1,1,1,0,1,1,0,1,0
6,5,7,0,0,2,0,2,0
7,6,7,0,0,2,0,2,0
28,13,7,0,0,2,1,2,0
5,5,4,0,0,1,0,1,0
23,20,7,0,0,4,0,2,0
5,5,7,0,0,1,0,1,0
5,5,7,0,0,1,0,1,0
25,13,7,12,0,4,0,3,0
1576,1491,7,66,0,79,1,3,0
5,5,7,0,0,1,0,1,0
29,24,7,0,0,4,0,4,0
7,7,4,0,0,1,0,1,0
14,13,2,0,1,2,0,1,0
5,5,7,0,0,1,0,1,0
5,5,7,0,0,1,0,1,0
24,6,7,0,0,4,1,5,0
19,17,7,0,0,3,0,3,0
5,5,7,0,0,1,0,1,0
1,0,1,1,1,1,0,1,0
5,5,7,0,0,1,0,1,0
6,6,2,0,1,1,0,1,0
5,5,7,0,0,1,0,1,0
5,5,7,0,0,1,0,1,0
2,0,2,2,1,2,0,1,0
26,0,7,26,0,4,0,1,0
65,61,7,0,0,7,0,4,0
23,23,7,0,0,2,0,2,0
7,7,5,0,0,1,0,1,0
5,5,7,0,0,1,0,1,0
5,5,7,0,0,1,0,1,0
7,7,7,0,0,1,0,1,0
6,6,7,0,0,1,0,1,0
5,5,7,0,0,1,0,1,0
8,8,5,0,1,1,0,1,0
7,6,7,0,0,2,0,2,0
28,13,7,0,0,2,0,2,0
7,6,7,0,0,2,0,2,0
6,6,5,0,0,1,0,1,0
34,19,7,0,0,3,0,3,0
21,20,7,0,0,3,0,3,0
6,5,7,0,0,2,0,2,0
1,1,6,0,0,1,0,1,0
5,5,7,0,0,1,0,1,0
6,6,7,0,0,1,0,1,0
20,7,3,0,0,2,0,3,0
20,20,7,0,0,3,0,2,0
61,61,7,0,0,6,0,4,0
5,5,7,0,0,1,0,1,0
12,12,7,0,0,2,0,2,0
6,5,3,0,0,2,0,2,0
5,5,7,0,0,1,0,1,0
6,6,7,0,0,1,0,1,0
7,7,6,0,0,1,0,1,0
1,0,1,0,1,1,0,1,0
6,6,7,0,0,1,0,1,0
9,7,2,0,1,1,0,1,0
44,29,7,0,0,3,1,4,0
10,5,7,4,0,4,0,3,0
5,5,7,0,0,1,0,1,0
84,0,7,0,0,2,0,1,0
5,5,5,0,0,1,0,1,0
5,5,7,0,0,1,0,1,0
6,5,7,0,0,2,0,2,0
6,6,5,0,0,1,0,1,0
7,6,7,0,0,2,0,2,0
5,5,7,0,0,1,0,1,0
8,8,6,0,0,1,0,1,0
27,12,7,0,0,2,0,2,0
5,5,6,0,0,1,0,1,0
7,7,6,0,0,1,0,1,0
6,6,7,0,0,1,0,1,0
5,5,7,0,0,1,0,1,0
6,6,7,0,0,1,0,1,0
7,7,7,0,0,1,0,1,0
2,2,7,0,0,2,0,2,0
7,7,4,0,0,1,0,1,0
12,12,7,0,0,2,0,2,0
933,859,7,57,0,76,1,3,0
6,5,7,0,0,2,0,2,0
6,5,7,0,0,2,0,2,0
19,19,7,0,0,3,0,2,0
43,37,7,0,0,8,0,3,0
6,5,7,0,0,2,0,2,0
21,21,7,0,0,2,0,3,0
6,6,7,0,0,1,0,1,0
8,7,6,0,1,1,0,1,0
6,6,4,0,0,1,0,1,0
7,7,7,0,0,1,0,1,0
12,12,7,0,0,2,0,4,0
5,5,7,0,0,1,0,1,0
40,38,7,0,0,6,0,6,0
5,5,7,0,0,1,0,1,0
5,5,7,0,0,1,0,1,0
6,6,1,0,0,1,0,1,0
22,6,6,16,0,3,0,3,0
30,30,7,0,0,3,0,3,0
1,0,1,0,0,1,0,1,0
1,1,6,0,0,1,0,1,0
1,1,6,0,0,1,0,1,0
4,4,7,0,0,2,0,4,0
5,5,7,0,0,1,0,1,0
26,12,7,0,0,2,0,2,0
7,6,7,0,0,2,0,2,0
17,6,7,0,0,4,1,2,0
21,5,7,16,0,3,0,3,0
10,10,7,0,0,1,0,2,0
7,7,7,0,0,1,0,2,0
5,5,7,0,0,1,0,1,0
16,16,6,0,0,3,0,4,0
5,5,7,0,0,1,0,1,0
19,19,7,0,0,3,0,2,0
7,7,7,0,0,1,0,1,0
5,5,7,0,0,1,0,1,0
6,5,3,0,0,2,0,2,0
6,5,7,0,0,1,0,1,0
8,8,7,0,0,1,0,1,0
6,6,7,0,0,1,0,1,0
5,5,7,0,0,1,0,1,0
1,0,2,1,1,1,0,1,0
21,21,7,0,0,2,0,2,0
5,5,7,0,0,1,0,1,0
5,5,7,0,0,1,0,1,0
3,3,7,0,0,1,0,1,0
27,12,7,0,0,2,0,2,0
708,55,7,0,0,5,0,5,0
1,0,1,1,1,1,0,1,0
5,5,7,0,0,1,0,1,0
5,5,7,0,0,1,0,1,0
5,5,7,0,0,1,0,1,0
5,5,7,0,0,1,0,1,0
5,5,7,0,0,1,0,1,0
6,6,7,0,0,1,0,1,0
5,5,7,0,0,1,0,1,0
7,6,7,0,0,2,0,2,0
7,7,4,0,0,1,0,1,0
6,6,7,0,0,1,0,1,0
13,13,7,0,0,2,0,1,0
5,5,7,0,0,1,0,1,0
5,5,7,0,0,1,0,1,0
5,5,7,0,0,1,0,1,0
5,5,4,0,0,1,0,1,0
6,6,7,0,0,1,0,1,0
6,5,7,0,0,2,0,2,0
118,12,7,0,0,2,0,2,0
6,5,7,0,0,2,0,2,0
5,5,7,0,0,1,0,1,0
6,6,7,0,0,1,0,1,0
33,5,7,28,0,3,0,3,0
19,19,6,0,0,3,0,2,0
6,5,7,0,0,2,0,2,0
9,9,7,0,0,1,0,2,0
6,6,7,0,0,1,0,1,0
6,6,7,0,0,1,0,1,0
1,0,2,0,1,1,0,1,0
7,6,7,0,0,2,0,2,0
1,0,1,0,1,1,0,1,0
20,18,7,0,0,4,0,2,0
6,6,7,0,0,1,0,1,0
6,6,7,0,0,1,0,1,0
5,5,7,0,0,1,0,1,0
1,0,1,1,1,1,0,1,0
71,64,7,0,0,7,0,4,0
5,5,7,0,0,1,0,1,0
119,13,7,0,0,2,0,2,0
2,2,7,0,0,1,0,1,0
11,8,1,0,1,1,0,2,0
5,5,7,0,0,1,0,1,0
5,5,7,0,0,1,0,1,0
4,4,7,0,0,2,0,1,0
7,6,7,0,0,2,0,2,0
6,6,7,0,0,1,0,1,0
5,5,7,0,0,1,0,1,0
7,7,5,0,1,1,0,1,0
5,5,7,0,0,1,0,1,0
5,5,7,0,0,1,0,1,0
5,5,3,0,0,1,0,1,0
7,7,2,0,1,1,0,1,0
5,5,2,0,0,1,0,1,0
5,5,7,0,0,1,0,1,0
53,44,7,0,0,7,0,2,0
27,13,7,0,0,2,0,2,0
7,6,6,0,0,2,0,2,0
4,4,7,0,0,1,0,1,0
7,6,4,0,0,2,0,2,0
6,5,7,0,0,2,0,2,0
10,10,7,0,0,1,0,2,0
6,5,7,0,0,2,0,2,0
6,6,3,0,0,1,0,1,0
7,7,7,0,0,1,0,1,0
46,45,7,0,0,7,0,5,0
6,5,7,0,0,2,0,2,0
988,0,7,988,0,1,0,1,0
5,5,7,0,0,1,0,1,0
1,1,7,0,0,1,0,1,0
5,5,7,0,0,1,0,1,0
6,5,7,0,0,2,0,2,0
5,5,7,0,0,1,0,1,0
5,5,7,0,0,1,0,1,0
6,6,7,0,0,1,0,1,0
7,6,7,0,0,2,0,2,0
7,7,5,0,1,1,0,1,0
5,5,7,0,0,1,0,1,0
29,14,7,0,0,2,0,2,0
8,8,6,0,0,1,0,1,0
5,5,7,0,0,1,0,1,0
7,7,7,0,0,1,0,1,0
6,6,7,0,0,1,0,1,0
12,12,7,0,0,1,0,2,0
5,5,7,0,0,1,0,1,0
6,6,7,0,0,1,0,1,0
5,5,7,0,0,1,0,1,0
5,5,7,0,0,1,0,1,0
52,12,7,40,0,4,0,4,0
1,1,7,0,0,1,0,1,0
5,5,4,0,0,1,0,1,0
7,7,7,0,0,1,0,1,0
5,5,7,0,0,1,0,1,0
17,17,6,0,0,3,0,2,0
6,6,7,0,0,1,0,1,0
27,12,7,0,0,2,0,2,0
5,5,7,0,0,1,0,1,0
12,0,1,12,1,1,0,1,0
52,6,1,0,0,2,0,2,0
6,6,4,0,0,1,0,1,0
5,5,7,0,0,1,0,1,0
5,5,7,0,0,1,0,1,0
12,12,7,0,0,1,0,2,0
5,5,7,0,0,1,0,1,0
6,6,7,0,0,1,0,1,0
1,0,2,1,1,1,0,1,0
5,5,7,0,0,1,0,1,0
5,5,5,0,0,1,0,1,0
7,7,7,0,0,1,0,1,0
6,5,7,0,0,2,0,2,0
13,13,7,0,0,2,0,2,0
25,24,7,0,0,4,0,4,0
41,40,7,0,0,5,0,5,0
7,7,6,0,0,1,0,1,0
5,2,2,0,1,1,0,1,0
5,5,4,0,0,1,0,1,0
6,6,4,0,0,1,0,1,0
2,0,2,2,1,2,0,1,0
6,5,4,0,0,2,0,2,0
2,2,6,0,0,1,0,2,0
2,1,1,0,1,1,0,1,0
5,5,7,0,0,1,0,1,0
5,5,7,0,0,1,0,1,0
124,101,7,0,0,12,0,5,0
2,2,6,0,0,2,0,1,0
5,5,7,0,0,1,0,1,0
7,7,7,0,0,1,0,1,0
6,6,7,0,0,1,0,1,0
6,1,1,0,1,1,0,1,0
2,2,7,0,0,1,0,2,0
5,5,4,0,0,1,0,1,0
6,6,7,0,0,1,0,1,0
7,6,7,0,0,2,0,2,0
6,6,7,0,0,1,0,1,0
5,5,7,0,0,1,0,1,0
5,5,7,0,0,1,0,1,0
7,7,7,0,0,1,0,1,0
5,5,7,0,0,1,0,1,0
19,19,7,0,0,3,0,2,0
29,14,7,0,0,2,0,2,0
28,13,7,0,0,2,0,2,0
1,1,7,0,0,1,0,1,0
6,5,7,0,0,2,0,2,0
6,6,7,0,0,1,0,1,0
5,5,7,0,0,1,0,1,0
26,10,7,0,0,3,0,4,0
5,5,7,0,0,1,0,1,0
5,5,7,0,0,1,0,1,0
5,5,7,0,0,1,0,1,0
5,5,7,0,0,1,0,1,0
7,6,7,0,0,2,0,2,0
2,0,2,2,1,2,0,1,0
5,5,3,0,0,1,0,1,0
8,8,7,0,0,1,0,1,0
5,5,7,0,0,1,0,1,0
5,5,7,0,0,1,0,1,0
10,10,7,0,0,1,0,2,0
65,63,7,0,0,7,0,4,0
1,1,6,0,0,1,0,1,0
5,5,7,0,0,1,0,1,0
6,6,7,0,0,1,0,1,0
6,6,7,0,0,1,0,1,0
65,35,6,0,0,3,0,1,0
8,7,7,0,0,2,0,2,0
5,5,7,0,0,1,0,1,0
1,1,1,0,0,1,0,1,0
5,5,7,0,0,1,0,1,0
4,4,7,0,0,2,0,1,0
8,7,2,0,1,1,0,1,0
6,6,7,0,0,1,0,1,0
74,66,7,0,0,13,0,5,0
4,4,7,0,0,1,0,1,0
5,5,7,0,0,1,0,1,0
6,6,7,0,0,1,0,1,0
135,85,7,0,0,22,0,5,0
28,12,7,0,0,3,0,4,0
155,105,7,0,0,23,0,5,0
5,5,7,0,0,1,0,1,0
5,4,7,0,0,2,0,2,0
7,6,7,0,0,2,0,2,0
57,55,7,0,0,8,0,5,0
6,6,5,0,0,1,0,1,0
14,14,7,0,0,3,0,4,0
6,5,7,0,0,2,0,2,0
14,14,7,0,0,2,0,1,0
28,27,1,0,0,5,0,3,0
7,7,1,0,1,1,0,1,0
8,8,6,0,0,1,0,1,0
7,7,7,0,0,1,0,1,0
6,6,7,0,0,1,0,1,0
1,1,7,0,0,1,0,1,0
6,5,6,0,0,2,0,2,0
6,6,7,0,0,1,0,1,0
34,19,7,0,0,3,0,3,0
4,4,7,0,0,2,0,1,0
14,5,7,8,0,4,0,3,0
6,5,4,0,0,2,0,2,0
5,5,7,0,0,1,0,1,0
1,0,1,1,1,1,0,1,0
7,7,2,0,1,1,0,1,0
5,5,7,0,0,1,0,1,0
118,13,7,0,0,2,0,2,0
5,5,7,0,0,1,0,1,0
6,5,7,0,0,2,0,2,0
5,5,3,0,0,1,0,1,0
7,7,6,0,0,1,0,1,0
6,5,7,0,0,2,0,2,0
1,0,1,1,1,1,0,1,0
6,5,7,0,0,2,0,2,0
24,24,7,0,0,3,0,3,0
6,5,6,0,0,2,0,2,0
5,5,7,0,0,1,0,1,0
176,176,7,0,0,6,0,7,0
5,5,6,0,0,1,0,1,0
7,7,7,0,0,1,0,1,0
13,12,7,0,0,2,0,2,0
5,5,7,0,0,1,0,1,0
6,6,7,0,0,1,0,1,0
8,8,7,0,0,1,0,1,0
5,5,7,0,0,1,0,1,0
438,82,2,0,0,90,1,2,0
5,5,7,0,0,1,0,1,0
24,24,7,0,0,3,0,3,0
7,7,7,0,0,1,0,1,0
58,58,7,0,0,5,0,4,0
351,270,7,0,0,7,0,3,0
5,5,7,0,0,1,0,1,0
6,6,7,0,0,1,0,1,0
6,5,7,0,0,2,0,2,0
26,26,7,0,0,3,0,4,0
5,5,7,0,0,1,0,1,0
5,5,7,0,0,1,0,1,0
5,5,7,0,0,1,0,1,0
11,10,7,0,0,2,0,3,0
5,5,7,0,0,1,0,1,0
123,86,7,0,0,11,0,5,0
14,14,7,0,0,2,0,2,0
5,5,7,0,0,1,0,1,0
5,5,3,0,0,1,0,1,0
21,5,4,16,0,3,0,3,0
8,7,7,0,0,2,0,2,0
14,14,7,0,0,2,0,1,0
4,4,7,0,0,1,0,1,0
67,66,7,0,0,7,0,3,0
6,5,7,0,0,2,0,2,0
8,0,1,8,1,8,0,1,0
7,7,7,0,0,1,0,1,0
5,5,5,0,0,1,0,1,0
7,6,7,0,0,2,0,2,0
5,5,7,0,0,1,0,1,0
14,14,7,0,0,2,0,1,0
6,5,5,0,0,2,0,2,0
6,4,7,0,0,1,0,1,0
6,5,4,0,0,2,0,2,0
6,6,7,0,0,1,0,1,0
7,7,7,0,0,1,0,1,0
6,6,3,0,0,1,0,1,0
8,6,5,0,1,1,0,1,0
7,7,7,0,0,1,0,1,0
6,6,6,0,0,1,0,1,0
1,1,6,0,0,1,0,1,0
6,6,7,0,0,1,0,1,0
57,57,7,0,0,6,0,4,0
8,8,4,0,0,1,0,1,0
5,5,7,0,0,1,0,1,0
6,6,7,0,0,1,0,1,0
1,0,1,0,0,1,0,1,0
10,10,7,0,0,1,0,2,0
5,5,7,0,0,1,0,1,0
5,5,7,0,0,1,0,1,0
2567,2429,7,108,0,79,1,3,0
6,5,7,0,0,2,0,2,0
12,12,6,0,0,3,0,4,0
6,5,7,0,0,2,0,2,0
5,5,6,0,0,1,0,1,0
5,5,3,0,0,1,0,1,0
5,5,4,0,0,1,0,1,0
6,6,7,0,0,1,0,1,0
2,0,2,2,1,1,0,2,0
6,6,7,0,0,1,0,1,0
8,8,7,0,0,1,0,1,0
7,6,7,0,0,2,0,2,0
7,7,4,0,0,1,0,1,0
2,2,7,0,0,1,0,2,0
5,5,7,0,0,1,0,1,0
5,5,7,0,0,1,0,1,0
6,6,7,0,0,1,0,1,0
7,7,7,0,0,1,0,1,0
6,5,6,0,0,2,0,2,0
33,5,7,28,0,3,0,3,0
5,5,3,0,0,1,0,1,0
5,5,7,0,0,1,0,1,0
5,5,7,0,0,1,0,1,0
24,0,7,24,0,4,0,1,0
18,14,6,0,0,2,0,2,0
42,5,7,0,0,2,0,2,0
6,5,5,0,0,2,0,2,0
178,39,1,0,0,7,1,9,0
8,8,5,0,1,1,0,1,0
4998,878,7,0,0,17,0,5,0
5,5,7,0,0,1,0,1,0
5,5,7,0,0,1,0,1,0
5,5,7,0,0,1,0,1,0
6,6,7,0,1,1,0,1,0
6,6,7,0,0,1,0,1,0
12,12,7,0,0,2,0,2,0
5,5,7,0,0,1,0,1,0
5,5,5,0,0,1,0,1,0
6,5,7,0,0,2,0,2,0
7,6,7,0,0,2,0,2,0
8,8,6,0,0,2,0,2,0
9,8,6,0,0,1,0,1,0
5,5,7,0,0,1,0,1,0
5,5,7,0,0,1,0,1,0
6,5,7,0,0,2,0,2,0
7,7,7,0,0,1,0,1,0
428,337,7,0,0,8,0,3,0
5,5,7,0,0,1,0,1,0
6,6,7,0,0,1,0,1,0
4,4,7,0,0,1,0,1,0
7,6,7,0,0,2,0,2,0
316,240,7,0,0,7,0,3,0
5,5,7,0,0,1,0,1,0
6,5,7,0,0,2,0,2,0
5,5,7,0,0,1,0,1,0
10,10,7,0,0,1,0,2,0
7,7,6,0,0,1,0,1,0
5,5,7,0,0,1,0,1,0
14,14,2,0,1,2,0,1,0
5,5,7,0,0,1,0,1,0
25,6,7,0,0,4,1,5,0
25,25,7,0,0,3,0,3,0
7,7,2,0,1,1,0,1,0
6,6,5,0,0,1,0,1,0
45,13,7,32,0,4,0,4,0
7,6,6,0,0,2,0,2,0
5,5,7,0,0,1,0,1,0
6,6,7,0,0,1,0,1,0
5,5,7,0,0,1,0,1,0
5,5,7,0,0,1,0,1,0
6,5,7,0,0,2,0,2,0
7,7,7,0,0,1,0,1,0
5,5,7,0,0,1,0,1,0
29,14,7,0,0,2,0,2,0
13,13,7,0,0,2,0,1,0
6,6,7,0,0,1,0,1,0
6,6,7,0,0,1,0,1,0
71,70,7,0,0,5,0,5,0
6,6,3,0,0,1,0,1,0
4,4,7,0,0,1,0,1,0
6,5,7,0,0,2,0,2,0
5,5,7,0,0,1,0,1,0
5,5,7,0,0,1,0,1,0
27,12,7,0,0,2,0,2,0
6,6,1,0,0,1,0,1,0
5,5,7,0,0,1,0,1,0
2,2,6,0,0,1,0,1,0
68,65,7,0,0,7,0,4,0
7,7,7,0,0,1,0,1,0
5,5,6,0,0,1,0,1,0
7,6,7,0,0,2,0,2,0
7,7,7,0,0,1,0,1,0
4,4,7,0,0,1,0,1,0
5,5,7,0,0,1,0,1,0
5,5,3,0,0,1,0,1,0
6,5,4,0,0,2,0,2,0
11,11,7,0,0,1,0,2,0
29,28,7,0,0,5,0,3,0
6,6,7,0,0,1,0,1,0
5,5,7,0,0,1,0,1,0
2,2,6,0,0,2,0,1,0
5,5,7,0,0,1,0,1,0
1604,1512,7,69,0,79,1,3,0
7,6,7,0,0,2,0,2,0
32,11,7,0,0,3,0,4,0
70,67,7,0,0,9,0,5,0
10,10,7,0,0,1,0,2,0
6,6,7,0,0,1,0,1,0
114,77,7,0,0,11,0,2,0
27,12,7,0,0,2,0,2,0
10,10,7,0,0,1,0,2,0
1,0,1,0,1,1,0,1,0
6,5,7,0,0,2,0,2,0
6,6,7,0,0,1,0,1,0
6,6,7,0,0,1,0,1,0
6,6,7,0,0,1,0,1,0
6,6,7,0,0,1,0,1,0
5,5,5,0,0,1,0,1,0
18,18,7,0,0,2,0,1,0
5,5,7,0,0,1,0,1,0
4,4,7,0,0,2,0,4,0
7,5,7,0,0,2,0,2,0
7,7,7,0,0,1,0,1,0
5,5,7,0,0,1,0,1,0
4,3,7,0,0,3,0,3,0
5,5,7,0,0,1,0,1,0
5,5,7,0,0,1,0,1,0
5,5,7,0,0,1,0,1,0
5,5,7,0,0,1,0,1,0
55,45,7,0,0,7,0,2,0
5,5,7,0,0,1,0,1,0
6,5,7,0,0,2,0,2,0
6,6,7,0,0,1,0,1,0
16,15,7,0,0,2,0,2,0
6,5,7,0,0,2,0,2,0
5,5,7,0,0,1,0,1,0
7,0,2,7,1,6,0,3,0
12,12,7,0,0,1,0,2,0
5,5,7,0,0,1,0,1,0
9,5,7,4,0,3,0,2,0
14,14,7,0,0,2,0,1,0
16,16,7,0,0,2,0,4,0
6,6,7,0,0,1,0,1,0
6,6,7,0,0,1,0,1,0
5,5,7,0,0,1,0,1,0
5,5,5,0,0,1,0,1,0
6,6,6,0,0,1,0,1,0
23,23,7,0,0,3,0,4,0
6,5,7,0,0,2,0,2,0
7,7,7,0,0,1,0,1,0
9,5,7,4,0,3,0,2,0
5,5,7,0,0,1,0,1,0
1,1,6,0,0,1,0,1,0
36,21,7,0,0,3,0,3,0
5,5,7,0,0,1,0,1,0
14,14,7,0,0,2,0,1,0
5,5,7,0,0,1,0,1,0
58,58,7,0,0,6,0,4,0
7,6,7,0,0,2,0,2,0
27,19,7,2,0,5,0,7,0
5,5,6,0,0,1,0,1,0
12,12,7,0,0,1,0,2,0
6,6,7,0,0,1,0,1,0
34,5,7,0,0,2,0,2,0
8,8,6,0,0,1,0,1,0
5,5,7,0,0,1,0,1,0
5,5,3,0,0,1,0,1,0
6,5,2,0,0,2,0,2,0
5,5,7,0,0,1,0,1,0
37,5,6,32,0,3,0,3,0
5,5,7,0,0,1,0,1,0
24,1,1,0,1,1,0,1,0
7,6,7,0,0,2,0,2,0
49,41,7,0,0,9,0,3,0
5,5,7,0,0,1,0,1,0
1,0,3,0,0,1,0,1,0
6,5,7,0,0,2,0,2,0
38,5,7,32,0,4,0,4,0
6,6,7,0,0,1,0,1,0
5,5,7,0,0,1,0,1,0
35,35,7,0,0,5,0,4,0
7,7,7,0,0,1,0,1,0
13,8,1,4,0,5,0,3,0
6,6,7,0,0,1,0,1,0
135,95,7,0,0,6,0,4,0
7,7,7,0,0,1,0,1,0
21,5,7,16,0,3,0,3,0
13,13,7,0,0,2,0,1,0
12,12,7,0,0,2,0,2,0
4,4,7,0,0,1,0,1,0
5,5,7,0,0,1,0,1,0
5,5,7,0,0,1,0,1,0
19,19,6,0,0,3,0,3,0
5,5,7,0,0,1,0,1,0
6,6,7,0,0,1,0,1,0
23,23,7,0,0,2,0,2,0
33,5,1,28,0,3,0,3,0
6,5,7,0,0,2,0,2,0
7,7,7,0,0,1,0,1,0
117,12,7,0,0,2,0,2,0
5,5,7,0,0,1,0,1,0
6,6,7,0,0,1,0,1,0
61,5,1,56,0,3,0,3,0
5,5,7,0,0,1,0,1,0
7,6,6,0,0,2,0,2,0
7,7,7,0,0,1,0,1,0
8,6,3,0,1,3,0,1,0
42,13,7,28,0,5,0,5,0
5,5,7,0,0,1,0,1,0
23,18,7,1,0,3,0,6,0
15,6,7,8,0,4,0,3,0
162,112,7,0,0,6,0,4,0
7,7,2,0,1,1,0,1,0
12,12,7,0,0,2,0,2,0
5,5,7,0,0,1,0,1,0
6,6,4,0,0,1,0,1,0
7,6,7,0,0,2,0,2,0
60,19,7,0,0,15,1,3,0
5,5,7,0,0,1,0,1,0
35,20,7,0,0,3,0,3,0
6,6,7,0,0,1,0,1,0
31,31,7,0,0,3,0,3,0
6,6,7,0,0,1,0,1,0
984,0,7,984,0,1,0,1,0
1,0,2,1,1,1,0,1,0
7,7,7,0,0,1,0,1,0
5,5,7,0,0,1,0,1,0
2,2,6,0,0,1,0,1,0
6,6,7,0,0,1,0,1,0
5,5,7,0,0,1,0,1,0
1,0,1,1,1,1,0,1,0
5,5,7,0,0,1,0,1,0
104,83,7,0,0,9,0,5,0
117,12,7,0,0,2,0,2,0
2,2,6,0,0,1,0,1,0
7,6,7,0,0,2,0,2,0
3,3,7,0,0,2,0,3,0
70,62,7,0,0,8,0,5,0
7,6,7,0,0,2,0,2,0
5,5,7,0,0,1,0,1,0
5,5,7,0,0,1,0,1,0
6,6,7,0,0,1,0,1,0
7,7,7,0,0,1,0,1,0
6,6,7,0,0,1,0,1,0
5,5,7,0,0,1,0,1,0
5,5,7,0,0,1,0,1,0
1,1,6,0,0,1,0,1,0
21,6,7,0,0,4,1,4,0
1,1,6,0,0,1,0,1,0
5,5,7,0,0,1,0,1,0
6,6,6,0,0,1,0,1,0
46,42,7,0,0,5,0,4,0
13,13,7,0,0,2,0,1,0
8,8,6,0,0,1,0,1,0
5,5,7,0,0,1,0,1,0
5,0,3,5,0,1,0,1,0
5,5,7,0,0,1,0,1,0
49,19,7,0,0,4,0,2,0
7,6,7,0,0,2,0,2,0
7,6,7,0,0,2,0,2,0
2,2,1,0,0,1,0,1,0
25,7,7,0,0,2,1,6,0
6,6,7,0,0,1,0,1,0
7,7,7,0,0,1,0,1,0
6,6,6,0,0,1,0,1,0
16,13,7,0,0,3,0,3,0
8,8,7,0,0,2,0,1,0
22,6,7,16,0,3,0,3,0
12,12,7,0,0,1,0,2,0
7,6,5,0,0,2,0,2,0
5,5,7,0,0,1,0,1,0
5,5,7,0,0,1,0,1,0
1,1,6,0,0,1,0,1,0
6,6,7,0,0,1,0,1,0
6,6,7,0,0,1,0,1,0
1,0,1,1,1,1,0,1,0
6,6,7,0,0,1,0,1,0
1395,1283,7,93,0,77,1,3,0
5,5,7,0,0,1,0,1,0
8,7,7,0,0,2,0,2,0
8,8,7,0,0,1,0,1,0
5,5,7,0,0,1,0,1,0
1,0,1,1,1,1,0,1,0
6,6,7,0,0,1,0,1,0
10,6,7,4,0,3,0,2,0
5,5,7,0,0,1,0,1,0
118,13,7,0,0,2,0,2,0
5,5,7,0,0,1,0,1,0
5,5,7,0,0,1,0,1,0
118,14,7,0,0,2,0,2,0
7,6,7,0,0,2,0,2,0
5,5,7,0,0,1,0,1,0
8,8,7,0,0,1,0,2,0
6,6,7,0,0,1,0,1,0
8,8,7,0,0,2,0,1,0
6,6,7,0,0,1,0,1,0
6,6,1,0,1,1,0,1,0
5,5,7,0,0,1,0,1,0
5,5,1,0,1,1,0,1,0
7,7,7,0,0,1,0,1,0
6,5,7,0,0,2,0,2,0
5,5,7,0,0,1,0,1,0
6,6,7,0,0,1,0,1,0
5,5,7,0,0,1,0,1,0
56,51,7,0,0,9,0,6,0
68,67,7,0,0,7,0,3,0
6,6,7,0,0,1,0,1,0
5,5,7,0,0,1,0,1,0
66,60,7,0,0,7,0,5,0
28,13,7,0,0,2,0,2,0
5,5,7,0,0,1,0,1,0
5,5,7,0,0,1,0,1,0
28,13,7,0,0,2,0,2,0
7,7,7,0,0,1,0,1,0
33,5,7,28,0,3,0,3,0
7,7,7,0,0,1,0,1,0
1,0,1,1,1,1,0,1,0
103,67,7,0,0,10,0,2,0
5,5,7,0,0,1,0,1,0
7,7,7,0,0,1,0,1,0
37,37,7,0,0,5,0,4,0
103,86,7,0,0,10,0,5,0
6,6,7,0,0,1,0,1,0
7,6,7,0,0,2,0,2,0
5,5,7,0,0,1,0,1,0
5,5,7,0,0,1,0,1,0
58,58,7,0,0,6,0,4,0
32,6,7,0,0,3,0,2,0
1279,72,2,0,0,82,1,4,0
6,6,7,0,0,1,0,1,0
5,5,7,0,0,1,0,1,0
29,14,7,0,0,2,0,2,0
5,5,3,0,0,1,0,1,0
12,12,7,0,0,1,0,2,0
7,6,7,0,0,2,0,2,0
23,23,7,0,0,3,0,3,0
29,14,7,0,0,2,0,2,0
6,6,7,0,0,1,0,1,0
5,5,7,0,0,1,0,1,0
6,6,7,0,0,1,0,1,0
1,0,2,0,1,1,0,1,0
11,11,7,0,0,1,0,2,0
32,6,7,0,0,3,0,2,0
6,6,7,0,0,1,0,1,0
5,5,7,0,0,1,0,1,0
1,0,2,1,1,1,0,1,0
1,1,1,0,0,1,0,1,0
32,31,7,0,0,5,0,5,0
16,16,7,0,0,2,0,1,0
7,6,7,0,0,2,0,2,0
1,1,5,0,0,1,0,1,0
8,0,1,8,1,8,0,1,0
5,5,7,0,0,1,0,1,0
5048,908,7,0,0,17,0,5,0
986,0,7,986,0,1,0,1,0
5,5,7,0,0,1,0,1,0
28,13,7,0,0,2,0,2,0
13,1,3,0,1,2,0,1,0
6,5,7,0,0,2,0,2,0
4,4,7,0,0,1,0,1,0
6,5,7,0,0,2,0,2,0
6,6,4,0,0,1,0,1,0
5,5,7,0,0,1,0,1,0
6,6,7,0,0,1,0,1,0
5,5,7,0,0,1,0,1,0
12,12,7,0,0,2,0,2,0
16,9,2,0,1,1,0,1,0
5,5,7,0,0,1,0,1,0
84,0,7,0,0,2,0,1,0
59,16,7,0,0,16,1,3,0
5,5,7,0,0,1,0,1,0
5,5,5,0,0,1,0,1,0
9,5,7,4,0,3,0,2,0
7,7,7,0,0,1,0,1,0
5,5,7,0,0,1,0,1,0
1,1,6,0,0,1,0,1,0
1,0,2,1,1,1,0,1,0
5,5,7,0,0,1,0,1,0
8,0,1,8,1,8,0,1,0
7,7,7,0,0,1,0,1,0
11,11,7,0,0,2,0,3,0
6,5,7,0,0,2,0,2,0
6,6,7,0,0,1,0,1,0
1,1,6,0,0,1,0,1,0
5,5,6,0,0,1,0,1,0
6,6,7,0,0,1,0,1,0
1,0,1,1,1,1,0,1,0
11,11,7,0,0,1,0,2,0
20,20,7,0,0,3,0,2,0
7,6,7,0,0,2,0,2,0
5,5,7,0,0,1,0,1,0
1,0,1,0,0,1,0,1,0
5,5,7,0,0,1,0,1,0
5,5,7,0,0,1,0,1,0
11,11,7,0,0,2,0,2,0
5,5,7,0,0,1,0,1,0
5,5,7,0,0,1,0,1,0
6,6,7,0,0,1,0,1,0
64,64,7,0,0,7,0,4,0
6,6,3,0,0,1,0,1,0
22,22,6,0,0,3,0,4,0
6,6,7,0,0,1,0,1,0
5,5,7,0,0,1,0,1,0
9,9,7,0,0,3,0,3,0
14,14,7,0,0,2,0,1,0
7,6,7,0,0,2,0,2,0
100,41,7,0,0,8,0,3,0
22,0,7,22,0,3,0,1,0
18,16,7,0,0,2,0,2,0
171,126,7,0,0,7,0,5,0
11,11,7,0,0,1,0,2,0
44,29,7,0,0,3,1,4,0
1,0,2,1,1,1,0,1,0
6,6,7,0,0,1,0,1,0
6,5,7,0,0,2,0,2,0
5,5,5,0,0,1,0,1,0
2,1,7,0,0,1,0,1,0
6,6,7,0,0,1,0,2,0
6,5,7,0,0,2,0,2,0
7,7,7,0,0,1,0,1,0
5,5,7,0,0,1,0,1,0
5,0,2,5,1,5,0,1,0
1,1,6,0,0,1,0,1,0
7,7,2,0,1,1,0,1,0
22,22,4,0,0,2,0,2,0
5,5,7,0,0,1,0,1,0
5,5,7,0,0,1,0,1,0
7,7,7,0,0,3,0,3,0
1,0,1,1,1,1,0,1,0
8,7,7,0,0,2,0,2,0
5,5,7,0,0,1,0,1,0
103,69,7,0,0,10,0,2,0
5,5,7,0,0,1,0,1,0
6,6,7,0,0,1,0,1,0
20,20,7,0,0,3,0,2,0
103,70,7,0,0,23,0,6,0
5,5,7,0,0,1,0,1,0
35,6,6,28,0,4,0,4,0
7,6,5,0,0,2,0,2,0
4,4,7,0,0,3,0,2,0
10,10,7,0,0,2,0,2,0
20,20,7,0,0,2,0,2,0
15,15,1,0,0,2,0,2,0
6,6,7,0,0,1,0,1,0
22,22,7,0,0,2,0,2,0
20,20,7,0,0,3,0,2,0
1,0,1,0,0,1,0,1,0
8,7,7,0,0,2,0,2,0
5,5,7,0,0,1,0,1,0
19,19,7,0,0,2,0,2,0
6,6,7,0,0,1,0,1,0
5,5,7,0,0,1,0,1,0
5,5,7,0,0,1,0,1,0
6,5,7,0,0,2,0,2,0
14,14,7,0,0,2,0,4,0
1,1,7,0,0,1,0,1,0
28,13,7,0,0,2,0,2,0
28,13,7,0,0,2,0,2,0
7,7,7,0,0,1,0,1,0
1,1,6,0,0,1,0,1,0
7,7,7,0,0,1,0,1,0
9,9,7,0,0,2,0,2,0
37,37,6,0,0,3,0,4,0
7,6,7,0,0,2,0,2,0
6,6,7,0,0,1,0,1,0
2209,2095,7,90,0,79,1,3,0
7,6,7,0,0,2,0,2,0
5,5,7,0,0,1,0,1,0
17,17,7,0,0,3,0,2,0
2,2,7,0,0,1,0,2,0
5,5,7,0,0,1,0,1,0
1012,884,7,108,0,76,1,3,0
64,60,7,0,0,7,0,4,0
6,6,7,0,0,1,0,1,0
119,14,7,0,0,2,0,2,0
8,8,4,0,1,1,0,1,0
5,5,5,0,0,1,0,1,0
29,14,7,0,0,2,0,2,0
6,6,7,0,0,1,0,1,0
29,14,7,0,0,2,0,2,0
7,7,7,0,0,1,0,1,0
8,8,7,0,0,1,0,1,0
21,5,4,16,0,3,0,3,0
6,6,7,0,0,1,0,1,0
29,14,7,0,0,2,0,2,0
7,7,7,0,0,1,0,1,0
2,2,6,0,0,1,0,2,0
10,10,6,0,0,1,0,2,0
46,45,7,0,0,6,0,5,0
5,5,1,0,0,1,0,1,0
64,64,7,0,0,7,0,4,0
23,11,7,0,0,3,0,4,0
6,5,7,0,0,2,0,2,0
12,12,7,0,0,2,0,4,0
2,1,2,0,1,1,0,2,0
5,5,7,0,0,1,0,1,0
6,6,7,0,0,1,0,1,0
5,5,7,0,0,1,0,1,0
5,5,3,0,0,1,0,1,0
43,43,7,0,0,5,0,4,0
6,6,6,0,0,1,0,1,0
6,6,7,0,0,1,0,1,0
7,7,7,0,0,1,0,1,0
30,15,7,0,0,2,0,2,0
6,6,4,0,0,1,0,1,0
31,31,7,0,0,4,0,4,0
6,6,7,0,0,1,0,1,0
27,12,7,0,0,2,0,3,0
5,5,7,0,0,1,0,1,0
21,10,7,0,0,3,0,4,0
5,5,7,0,0,1,0,1,0
6,6,5,0,0,1,0,1,0
5,5,7,0,0,1,0,1,0
5,5,5,0,0,1,0,1,0
12,11,7,0,0,3,0,2,0
29,14,7,0,0,2,0,2,0
7,7,7,0,0,1,0,1,0
2,2,6,0,0,1,0,1,0
7,7,7,0,0,1,0,1,0
6,6,7,0,0,1,0,1,0
6,5,7,0,0,2,0,2,0
10,5,2,4,0,4,0,3,0
6,6,5,0,0,1,0,1,0
6,6,7,0,0,1,0,1,0
67,65,7,0,0,8,0,4,0
6,5,7,0,0,2,0,2,0
19,6,7,0,0,4,1,3,0
52,52,7,0,0,6,0,4,0
5,5,7,0,0,1,0,1,0
22,5,7,16,0,4,0,4,0
5,5,7,0,0,1,0,1,0
22,6,7,0,0,5,1,5,0
6,6,7,0,0,1,0,1,0
6,5,7,0,0,2,0,2,0
6,6,4,0,0,1,0,1,0
460,0,1,460,0,2,0,2,0
5,5,7,0,0,1,0,1,0
6,6,7,0,0,1,0,1,0
5,5,7,0,0,1,0,1,0
5,5,7,0,0,1,0,1,0
1,1,5,0,0,1,0,1,0
92,84,5,0,0,10,0,3,0
33,28,5,0,0,5,0,2,0
19,19,7,0,0,3,0,2,0
5,5,7,0,0,1,0,1,0
5,5,7,0,0,1,0,1,0
7,7,4,0,0,1,0,1,0
6,5,7,0,0,2,0,2,0
5,5,7,0,0,1,0,1,0
6,6,3,0,0,1,0,1,0
12,12,7,0,0,2,0,1,0
5,5,7,0,0,1,0,1,0
5,5,7,0,0,1,0,1,0
5,5,7,0,0,1,0,1,0
6,5,7,0,0,2,0,2,0
22,5,1,0,1,1,0,1,0
7,7,7,0,0,1,0,1,0
6,5,7,0,0,2,0,2,0
13,12,7,0,0,3,0,3,0
76,71,7,0,0,8,0,4,0
65,65,7,0,0,6,0,2,0
5,5,7,0,0,1,0,1,0
7,6,7,0,0,2,0,2,0
5,5,7,0,0,1,0,1,0
5,5,7,0,0,1,0,1,0
5,5,7,0,0,1,0,1,0
6,5,7,0,0,2,0,2,0
27,12,7,0,0,2,0,2,0
6,5,7,0,0,2,0,2,0
5,5,7,0,0,1,0,1,0
6,5,7,0,0,2,0,2,0
5,5,6,0,0,1,0,1,0
5,5,7,0,0,1,0,1,0
7,7,7,0,0,1,0,1,0
5,5,7,0,0,1,0,1,0
692,20,7,0,0,4,0,4,0
5,5,7,0,0,1,0,1,0
5,5,7,0,0,1,0,1,0
5,5,7,0,0,1,0,1,0
7,7,7,0,0,1,0,1,0
28,13,1,0,0,2,0,2,0
8,8,7,0,0,1,0,1,0
12,12,7,0,0,2,0,4,0
5,5,7,0,0,1,0,1,0
6,6,7,0,0,1,0,1,0
27,12,7,0,0,2,0,2,0
5,5,7,0,0,1,0,1,0
12,12,7,0,0,1,0,2,0
28,13,7,0,0,2,0,3,0
6,5,7,0,0,2,0,2,0
77,77,7,0,0,5,0,5,0
7,7,5,0,0,1,0,1,0
1,0,1,1,1,1,0,1,0
5,5,5,0,0,1,0,1,0
7,6,7,0,0,2,0,2,0
8,8,6,0,0,1,0,1,0
37,12,7,0,0,3,0,4,0
9,9,7,0,0,1,0,1,0
18,18,7,0,0,3,0,2,0
1,1,6,0,0,1,0,1,0
5,5,5,0,0,1,0,1,0
6,5,7,0,0,2,0,2,0
5,5,7,0,0,1,0,1,0
5,5,7,0,0,1,0,1,0
8,7,7,0,0,2,0,2,0
5,5,7,0,0,1,0,1,0
5,5,7,0,0,1,0,1,0
6,5,7,0,0,2,0,2,0
6,6,4,0,0,1,0,1,0
8,7,7,0,0,2,0,2,0
7,7,7,0,0,1,0,1,0
62,60,7,0,0,7,0,4,0
28,13,7,0,0,2,0,3,0
2,2,7,0,0,1,0,2,0
6,6,7,0,0,1,0,1,0
2,2,5,0,0,2,0,1,0
1,0,2,1,1,1,0,1,0
7,6,7,0,0,2,0,2,0
5,5,7,0,0,1,0,1,0
5,5,7,0,0,1,0,1,0
1,0,1,0,0,1,0,1,0
6,6,7,0,0,1,0,1,0
29,14,7,0,0,2,1,2,0
5,5,6,0,0,1,0,1,0
6,6,7,0,0,1,0,1,0
104,94,5,0,0,11,0,3,0
7,7,7,0,0,1,0,1,0
5,5,7,0,0,1,0,1,0
6,6,7,0,0,1,0,1,0
1,1,6,0,0,1,0,1,0
7,7,6,0,0,1,0,1,0
5,5,6,0,0,1,0,1,0
49,44,7,0,0,6,0,4,0
5,5,7,0,0,1,0,1,0
5,5,7,0,0,1,0,1,0
5,5,7,0,0,1,0,1,0
5,5,4,0,0,1,0,1,0
7,6,7,0,0,2,0,2,0
19,13,7,6,0,3,0,2,0
21,5,7,16,0,3,0,3,0
6,6,7,0,0,1,0,1,0
20,20,7,0,0,3,0,2,0
5,5,7,0,0,1,0,1,0
6,6,4,0,0,1,0,1,0
5,5,7,0,0,1,0,1,0
5,5,7,0,0,1,0,1,0
6,6,7,0,0,1,0,1,0
8,8,4,0,0,1,0,1,0
7,7,7,0,0,1,0,1,0
6,6,7,0,0,1,0,1,0
5,5,7,0,0,1,0,1,0
6,6,3,0,0,1,0,1,0
7,7,7,0,0,1,0,1,0
6,5,7,0,0,2,0,2,0
30,6,7,24,0,3,0,2,0
5,5,7,0,0,1,0,1,0
6,6,6,0,0,1,0,1,0
7,6,7,0,0,2,0,2,0
5,5,7,0,0,1,0,1,0
6,6,7,0,0,1,0,1,0
7,7,7,0,0,1,0,1,0
5,5,7,0,0,1,0,1,0
6,6,7,0,0,1,0,1,0
2,1,5,0,0,1,0,1,0
5,5,7,0,0,1,0,1,0
7,7,2,0,1,1,0,1,0
27,12,7,0,0,2,0,2,0
5,5,6,0,0,1,0,1,0
5,5,7,0,0,1,0,1,0
88,72,7,0,0,7,0,4,0
2,2,7,0,0,2,0,1,0
5,5,7,0,0,1,0,1,0
10,10,7,0,0,1,0,2,0
6,6,7,0,0,1,0,1,0
5047,908,7,0,0,17,0,5,0
16,16,7,0,0,2,0,1,0
7,7,6,0,0,1,0,1,0
33,5,6,28,0,3,0,3,0
5,5,7,0,0,1,0,1,0
6,5,7,0,0,2,0,2,0
41,40,7,0,0,5,0,5,0
5,5,7,0,0,1,0,1,0
3,3,1,0,1,1,0,1,0
6,6,7,0,0,1,0,1,0
2,0,4,0,0,2,0,2,0
5,5,6,0,0,1,0,1,0
8,8,6,0,0,1,0,1,0
1,1,1,0,0,1,0,1,0
5,5,7,0,0,1,0,1,0
4,4,7,0,0,1,0,1,0
6,5,7,0,0,2,0,2,0
5,5,3,0,0,1,0,1,0
7,7,7,0,0,1,0,1,0
5,5,7,0,0,1,0,1,0
5,5,7,0,0,1,0,1,0
6,6,5,0,0,1,0,1,0
40,39,7,0,0,5,0,5,0
6,5,7,0,0,2,0,2,0
6,5,7,0,0,2,0,2,0
1,1,6,0,0,1,0,1,0
5,5,7,0,0,1,0,1,0
27,12,7,0,0,2,0,2,0
119,14,7,0,0,2,0,2,0
7,7,7,0,0,1,0,1,0
6,6,7,0,0,1,0,1,0
28,13,7,0,0,2,0,2,0
24,24,7,0,0,3,0,3,0
10,7,6,3,0,2,0,2,0
25,7,7,0,0,4,1,4,0
289,212,7,0,0,7,0,3,0
5,5,7,0,0,1,0,1,0
6,6,4,0,0,1,0,1,0
8,8,7,0,0,1,0,1,0
8,8,7,0,0,1,0,1,0
16,13,7,3,0,3,0,2,0
80,74,7,0,0,8,0,4,0
6,6,7,0,0,1,0,1,0
7,6,7,0,0,2,0,2,0
8,0,2,8,1,8,0,1,0
7,6,7,0,0,2,0,2,0
6,5,7,0,0,2,0,2,0
6,6,7,0,0,1,0,1,0
2,0,1,2,1,2,0,1,0
5,5,7,0,0,1,0,1,0
5,5,7,0,0,1,0,1,0
5,5,7,0,0,1,0,1,0
5,5,3,0,0,1,0,1,0
5,5,7,0,0,1,0,1,0
7,7,7,0,0,1,0,1,0
16,13,1,0,0,2,0,2,0
7,7,5,0,1,1,0,1,0
6,6,7,0,0,1,0,1,0
5,5,7,0,0,1,0,1,0
7,7,7,0,0,1,0,1,0
1,0,1,1,1,1,0,1,0
5,5,7,0,0,1,0,1,0
5,5,7,0,0,1,0,1,0
6,6,7,0,0,1,0,1,0
6,6,7,0,0,1,0,1,0
28,13,7,0,0,2,0,2,0
6,5,7,0,0,2,0,2,0
12,12,7,0,0,1,0,2,0
5,5,7,0,0,1,0,1,0
28,27,7,0,0,4,0,4,0
81,0,7,0,0,2,0,1,0
5,5,7,0,0,1,0,1,0
6,6,7,0,0,1,0,1,0
35,6,7,0,0,4,0,5,0
6,5,7,0,0,2,0,2,0
5,5,7,0,0,1,0,1,0
6,6,7,0,0,1,0,1,0
7,7,1,0,1,1,0,1,0
2,2,7,0,0,1,0,2,0
4,4,7,0,0,2,0,1,0
5,5,7,0,0,1,0,1,0
19,19,7,0,0,3,0,2,0
6,6,7,0,0,1,0,1,0
5,5,7,0,0,1,0,1,0
74,69,7,0,0,12,0,6,0
5,5,7,0,0,1,0,1,0
5,5,7,0,0,1,0,1,0
59,58,7,0,0,6,0,5,0
43,5,7,0,0,3,0,3,0
14,14,7,0,0,2,0,1,0
14,14,7,0,0,2,0,1,0
1,0,2,1,1,1,0,1,0
14,14,7,0,0,2,0,1,0
5046,907,7,0,0,17,0,5,0
5,5,5,0,0,1,0,1,0
5,5,7,0,0,1,0,1,0
13,13,7,0,0,2,0,4,0
119,13,7,0,0,2,0,2,0
6,5,4,0,0,2,0,2,0
7,7,7,0,0,1,0,1,0
9,5,7,4,0,3,0,2,0
5,5,7,0,0,1,0,1,0
1,0,1,0,1,1,0,1,0
7,6,7,0,0,2,0,2,0
8,7,7,0,0,2,0,2,0
6,5,7,0,0,2,0,2,0
64,64,7,0,0,7,0,4,0
6,6,7,0,0,1,0,1,0
5,5,7,0,0,1,0,1,0
5,5,7,0,0,1,0,1,0
28,12,7,16,0,4,0,4,0
2,2,6,0,0,1,0,1,0
5,5,7,0,0,1,0,1,0
7,7,7,0,0,1,0,1,0
7,5,7,0,0,2,0,2,0
29,14,7,0,0,2,0,2,0
7,7,7,0,0,1,0,1,0
28,13,7,0,0,2,1,2,0
6,6,7,0,0,1,0,1,0
6,5,7,0,0,2,0,2,0
5,5,7,0,0,1,0,1,0
6,6,7,0,0,1,0,1,0
27,12,7,0,0,2,0,2,0
28,13,7,0,0,2,0,2,0
118,13,7,0,0,2,0,2,0
28,13,7,0,0,2,0,2,0
1,0,2,1,1,1,0,1,0
57,56,7,0,0,7,0,5,0
5,5,7,0,0,1,0,1,0
6,5,7,0,0,2,0,2,0
6,6,7,0,0,1,0,1,0
2,2,6,0,0,1,0,1,0
5,0,2,5,1,4,0,2,0
5,5,7,0,0,1,0,1,0
6,5,7,0,0,2,0,2,0
5,5,7,0,0,1,0,1,0
8,8,5,0,1,1,0,1,0
7,7,7,0,0,1,0,1,0
7,7,7,0,0,1,0,1,0
9,9,5,0,0,3,0,3,0
5,5,7,0,0,1,0,1,0
7,6,7,0,0,2,0,2,0
5,5,7,0,0,1,0,1,0
6,5,7,0,0,2,0,2,0
8,8,4,0,0,1,0,1,0
7,7,7,0,0,1,0,1,0
33,5,7,28,0,3,0,3,0
5,5,7,0,0,1,0,1,0
5,5,7,0,0,1,0,1,0
12,12,7,0,0,2,0,2,0
7,7,7,0,0,1,0,1,0
1,0,1,1,1,1,0,1,0
119,14,7,0,0,2,0,2,0
5,5,7,0,0,1,0,1,0
31,31,7,0,0,3,0,3,0
5,5,7,0,0,1,0,1,0
28,13,7,0,0,2,1,2,0
8,8,3,0,1,1,0,1,0
5,5,7,0,0,1,0,1,0
62,61,7,0,0,7,0,4,0
5,5,6,0,0,1,0,1,0
183,135,7,0,0,18,0,5,0
118,13,7,0,0,2,0,2,0
6,5,7,0,0,2,0,2,0
36,21,7,0,0,3,0,3,0
6,5,7,0,0,2,0,2,0
6,6,7,0,0,1,0,1,0
7,6,7,0,0,2,0,2,0
33,33,7,0,0,3,0,3,0
103,19,7,0,0,4,1,17,0
1,1,7,0,0,1,0,1,0
6,5,7,0,0,2,0,2,0
5,0,3,0,1,2,0,1,0
6,6,5,0,0,1,0,1,0
6,6,7,0,0,1,0,1,0
6,5,7,0,0,2,0,2,0
5,5,7,0,0,1,0,1,0
5,5,7,0,0,1,0,1,0
6,6,4,0,0,1,0,1,0
5,5,7,0,0,1,0,1,0
5,5,7,0,0,1,0,1,0
6,6,7,0,0,1,0,1,0
7,6,7,0,0,2,0,2,0
60,57,7,0,0,7,0,4,0
2,0,2,2,1,2,0,1,0
36,27,4,9,0,2,0,3,0
41,41,7,0,0,4,0,4,0
63,60,7,0,0,8,0,4,0
5,5,7,0,0,1,0,1,0
5,5,7,0,0,1,0,1,0
5,5,6,0,0,1,0,1,0
6,6,7,0,0,1,0,1,0
5,5,7,0,0,1,0,1,0
7,6,7,0,0,2,0,2,0
5,5,5,0,0,1,0,1,0
34,6,7,0,0,3,0,2,0
24,19,7,1,0,3,0,6,0
5048,908,7,0,0,17,0,5,0
6,6,7,0,0,1,0,1,0
7,7,7,0,0,1,0,1,0
14,14,7,0,0,3,0,4,0
86,72,7,0,0,7,0,4,0
36,14,2,0,1,2,0,1,0
14,12,7,0,0,2,0,3,0
7,7,2,0,1,1,0,1,0
28,13,7,0,0,2,1,2,0
21,21,7,0,0,3,0,2,0
7,6,6,0,0,2,0,2,0
5,5,3,0,0,1,0,1,0
5,5,7,0,0,1,0,1,0
10,6,7,4,0,3,0,2,0
1,0,1,1,1,1,0,1,0
74,11,2,0,1,1,0,2,0
7,7,7,0,0,1,0,1,0
5,5,7,0,0,1,0,1,0
5,5,7,0,0,1,0,1,0
5,5,7,0,0,1,0,1,0
5,5,7,0,0,1,0,1,0
23,22,7,0,0,4,0,3,0
86,56,7,0,0,6,0,2,0
6,6,3,0,0,1,0,1,0
38,8,7,28,0,5,0,5,0
119,14,7,0,0,2,0,2,0
6,5,7,0,0,2,0,2,0
12,12,7,0,0,2,0,4,0
22,6,7,16,0,3,0,3,0
18,17,7,0,0,4,0,3,0
6,6,7,0,0,1,0,1,0
5,5,6,0,0,1,0,1,0
5,5,7,0,0,1,0,1,0
7,6,7,0,0,2,0,2,0
2,2,7,0,0,1,0,2,0
5,5,7,0,0,1,0,1,0
16,7,7,0,0,4,1,3,0
24,24,7,0,0,2,0,2,0
6,6,6,0,0,1,0,1,0
8,8,6,0,0,1,0,1,0
6,6,7,0,0,1,0,1,0
6,6,7,0,0,1,0,1,0
6,0,2,6,1,5,0,3,0
7,7,7,0,0,1,0,1,0
6,5,5,0,0,2,0,2,0
8,0,2,8,1,7,0,1,0
12,12,7,0,0,1,0,2,0
5,5,7,0,0,1,0,1,0
1,1,6,0,0,1,0,1,0
8,7,4,0,0,2,0,2,0
6,6,7,0,0,1,0,1,0
6,6,7,0,0,1,0,1,0
5,5,7,0,0,1,0,1,0
5,5,7,0,0,1,0,1,0
1,0,1,0,1,1,0,1,0
23,20,7,0,0,4,0,2,0
6,5,3,0,0,2,0,2,0
6,6,7,0,0,1,0,1,0
6,5,7,0,0,2,0,2,0
41,36,7,0,0,7,0,2,0
80,74,7,0,0,8,0,5,0
6,5,7,0,0,2,0,2,0
6,5,7,0,0,2,0,2,0
1,1,7,0,0,1,0,1,0
7,6,4,0,0,2,0,2,0
7,6,7,0,0,2,0,2,0
5,5,5,0,0,1,0,1,0
20,20,7,0,0,3,0,3,0
5,5,7,0,0,1,0,1,0
5,5,7,0,0,1,0,1,0
7,7,7,0,0,1,0,1,0
8,8,7,0,0,1,0,1,0
5,5,7,0,0,1,0,1,0
14,14,7,0,0,2,0,1,0
27,12,7,0,0,2,0,2,0
6,5,7,0,0,2,0,2,0
13,12,7,0,0,2,0,3,0
6,5,7,0,0,2,0,2,0
28,13,7,0,0,2,0,2,0
7,7,1,0,0,1,0,1,0
12,12,7,0,0,1,0,2,0
27,12,7,0,0,2,0,2,0
5,5,7,0,0,1,0,1,0
7,7,7,0,0,1,0,1,0
6,6,5,0,0,1,0,1,0
2,2,7,0,0,2,0,2,0
5,5,7,0,0,1,0,1,0
8,7,7,0,0,2,0,2,0
14,14,7,0,0,2,0,2,0
7,6,4,0,0,2,0,2,0
8,8,4,0,1,1,0,1,0
7,6,7,0,0,2,0,2,0
5,5,7,0,0,1,0,1,0
8,8,7,0,0,1,0,1,0
137,97,7,0,0,7,0,4,0
5,5,7,0,0,1,0,1,0
6,6,6,0,0,1,0,1,0
27,23,6,0,0,2,0,1,0
9,5,7,4,0,3,0,2,0
25,25,7,0,0,3,0,3,0
5,5,6,0,0,1,0,1,0
5,5,7,0,0,1,0,1,0
5,5,7,0,0,1,0,1,0
25,20,7,0,0,2,0,5,0
27,12,7,0,0,2,0,2,0
22,22,7,0,0,2,0,2,0
5,5,7,0,0,1,0,1,0
9,5,7,4,0,3,0,2,0
2,2,7,0,0,1,0,1,0
7,6,7,0,0,1,0,2,0
41,33,6,0,0,2,0,1,0
5,5,7,0,0,1,0,1,0
5,5,7,0,0,1,0,1,0
16,5,1,0,1,1,0,1,0
14,14,7,0,0,2,0,1,0
6,5,7,0,0,2,0,2,0
4,4,7,0,0,1,0,1,0
2,1,1,0,1,1,0,1,0
5,5,7,0,0,1,0,1,0
40,12,7,28,0,4,0,4,0
23,6,7,16,0,4,0,4,0
7,6,2,0,0,1,0,1,0
7,7,7,0,0,1,0,1,0
65,0,1,0,1,5,0,2,1
49,0,1,0,1,5,0,2,1
23,0,1,0,1,12,0,1,1
33,0,1,0,1,5,0,2,1
36,0,1,0,1,6,0,2,1
46,0,1,0,1,5,0,2,1
24,0,1,0,1,5,0,2,1
71,0,1,0,1,6,0,2,1
46,0,1,0,1,5,0,2,1
50,0,1,0,1,5,0,2,1
49,0,1,0,1,5,0,2,1
86,0,1,86,1,7,0,7,2
22,0,1,22,1,8,0,1,1
34,0,2,33,1,9,0,6,1
45,0,1,0,1,5,0,2,1
213,0,1,213,1,8,0,39,2
107,0,1,107,1,8,0,32,2
326,0,1,318,1,8,0,59,2
152,0,1,148,1,8,0,43,2
37,0,1,0,1,5,0,2,1
35,0,1,0,1,6,0,2,1
65,0,1,0,1,5,0,2,1
44,0,1,0,1,5,0,2,1
22,0,1,0,1,5,0,2,1
22,0,2,22,1,8,0,6,1
21,0,2,21,1,8,0,9,1
21,0,2,21,1,8,0,7,1
25,0,2,25,1,8,0,8,1
21,0,2,21,1,7,0,10,1
23,0,2,23,1,8,0,6,1
21,0,2,21,1,8,0,9,1
22,0,2,22,1,7,0,8,1
30,0,2,30,1,8,0,13,1
29,0,2,29,1,8,0,12,1
26,0,2,26,1,8,0,7,1
28,0,1,0,1,5,0,2,1
46,0,1,0,1,5,0,2,1
82,0,1,0,1,5,0,2,1
31,0,1,0,1,5,0,2,1
72,0,1,0,1,5,0,2,1
41,0,1,0,1,5,0,2,1
36,0,1,0,1,5,0,2,1
28,0,1,0,1,5,0,2,1
24,0,1,24,1,8,0,1,1
27,0,1,0,1,5,0,1,1
719,2,1,716,1,1,0,7,2
47,0,1,0,1,5,0,2,1
52,0,2,0,1,5,0,2,1
77,0,2,0,1,5,0,2,1
25,0,1,24,1,9,0,1,1
35,0,1,0,1,5,0,2,1
25,0,1,0,1,5,0,2,1
39,0,1,0,1,5,0,2,1
40,0,1,0,1,5,0,2,1
46,0,1,0,1,5,0,2,1
51,51,1,0,1,1,0,7,2
48,48,1,0,1,1,0,7,2
178,0,1,160,1,12,0,64,2
24,0,1,0,1,5,0,2,1
60,0,1,0,1,5,0,2,1
65,0,1,0,1,5,0,2,1
117,24,2,0,1,5,0,2,1
72,0,1,0,1,6,0,2,1
66,0,1,0,1,5,0,2,1
44,0,1,0,1,5,0,2,1
41,0,1,0,1,5,0,2,1
33,0,1,0,1,5,0,2,1
34,0,1,0,1,5,0,2,1
40,0,2,40,1,8,0,5,1
40,0,2,40,1,8,0,5,1
22,2,2,18,1,8,0,5,1
40,0,1,40,1,8,0,5,1
164,0,1,156,1,8,0,20,2
162,0,1,158,1,8,0,20,2
33,0,1,0,1,5,0,2,1
23,0,1,0,1,5,0,2,1
30,0,1,0,1,5,0,2,1
74,0,1,0,1,5,0,2,1
24,0,2,22,1,8,0,13,1
27,0,2,26,1,8,0,10,1
21,0,2,15,1,8,0,12,1
21,0,2,16,1,8,0,11,1
219,0,1,219,1,8,0,35,2
69,0,1,69,1,8,0,22,2
162,0,1,156,1,8,0,20,2
79,0,1,0,1,5,0,2,1
47,0,1,0,1,6,0,2,1
81,0,1,0,1,5,0,2,1
27,0,1,0,1,5,0,1,1
174,0,1,148,1,12,0,20,2
63,0,1,0,1,5,0,2,1
35,0,1,0,1,5,0,2,1
48,0,1,48,1,8,0,3,1
33,0,1,33,1,8,0,1,1
43,0,1,43,1,8,0,3,1
43,0,1,43,1,8,0,3,1
9895,5474,1,4325,0,2800,0,14,2
7725,7535,1,0,0,288,0,1,1
3189,2945,1,0,0,202,0,1,1
70398,8290,1,0,0,320,0,50234,2
159292,127446,1,0,0,245,0,65351,2
42875,41492,1,0,0,104,0,39304,2
7325,2665,1,4628,0,2391,0,19,2
5934,5576,1,0,0,619,0,1,1
6357,5992,1,0,0,211,0,1,1
6154,5565,1,0,0,192,0,205,2
5618,5240,1,0,0,186,0,1,1
2071,1919,1,0,0,66,0,1,1
